校系代碼,學校,校系,性別,主修,比對欄位,PDF原值,網站原值,核對結論,修正後篩選值,官方來源
001122,國立臺灣大學,地質科學系,無,,篩選級分,國英數A自46數學A11自然13,國文+英文+數A+自然46、數A13、自然13,官方篩選原圖確認，修正網站,國文+數A+自然+英文46、數A11、自然13,https://www.cac.edu.tw/CacLink/apply115/115Apply_sievE_Result_querY_615JG8Wgh9d/html_sieve_result_115_Zx57f1dW/Standard/report/pict/001.png
001492,國立臺灣大學,植物病理與微生物學系,無,,篩選級分,英數A自26英文8自然11,英文+數A+自然26、英文8,官方篩選原圖確認，修正網站,數A+自然+英文26、英文8、自然11,https://www.cac.edu.tw/CacLink/apply115/115Apply_sievE_Result_querY_615JG8Wgh9d/html_sieve_result_115_Zx57f1dW/Standard/report/pict/001.png
002042,國立臺灣師範大學,社會教育學系(青年儲蓄帳戶組),無,,篩選級分,空白或--,英文+數B17、國文+社會25、國文+英文25,官方篩選原圖確認，修正網站,官方未列分數,https://www.cac.edu.tw/CacLink/apply115/115Apply_sievE_Result_querY_615JG8Wgh9d/html_sieve_result_115_Zx57f1dW/Standard/report/pict/002.png
002072,國立臺灣師範大學,幼兒與家庭科學學系幼兒發展與教育組,無,,篩選級分,國英數B社33數學B6英文11,國文+英文+數B+社會33、數B6,官方篩選原圖確認，修正網站,國文+數B+社會+英文33、數B6、英文11,https://www.cac.edu.tw/CacLink/apply115/115Apply_sievE_Result_querY_615JG8Wgh9d/html_sieve_result_115_Zx57f1dW/Standard/report/pict/002.png
002142,國立臺灣師範大學,學習科學學士學位學程(青年儲蓄帳戶組),無,,篩選級分,空白或--,數A+國文+英文26、國文+英文26,官方篩選原圖確認，修正網站,官方未列分數,https://www.cac.edu.tw/CacLink/apply115/115Apply_sievE_Result_querY_615JG8Wgh9d/html_sieve_result_115_Zx57f1dW/Standard/report/pict/002.png
002162,國立臺灣師範大學,教育學院學士班(青年儲蓄帳戶組),無,,篩選級分,空白或--,國文+英文26、國文+英文+社會37,官方篩選原圖確認，修正網站,官方未列分數,https://www.cac.edu.tw/CacLink/apply115/115Apply_sievE_Result_querY_615JG8Wgh9d/html_sieve_result_115_Zx57f1dW/Standard/report/pict/002.png
002312,國立臺灣師範大學,生命科學系(青年儲蓄帳戶組),無,,篩選級分,空白或--,國文+英文+數A+自然35,官方篩選原圖確認，修正網站,官方未列分數,https://www.cac.edu.tw/CacLink/apply115/115Apply_sievE_Result_querY_615JG8Wgh9d/html_sieve_result_115_Zx57f1dW/Standard/report/pict/002.png
002422,國立臺灣師範大學,光電工程學士學位學程(青年儲蓄帳戶組),無,,篩選級分,空白或--,英文+數A22,官方篩選原圖確認，修正網站,官方未列分數,https://www.cac.edu.tw/CacLink/apply115/115Apply_sievE_Result_querY_615JG8Wgh9d/html_sieve_result_115_Zx57f1dW/Standard/report/pict/002.png
002532,國立臺灣師範大學,音樂學系,無,鋼琴,篩選級分,主修84.36,未收錄,官方篩選原圖確認，修正網站；音樂依主修分列,主修84.36,https://www.cac.edu.tw/CacLink/apply115/115Apply_sievE_Result_querY_615JG8Wgh9d/html_sieve_result_115_Zx57f1dW/Standard/report/pict/002.png
002532,國立臺灣師範大學,音樂學系,無,聲樂,篩選級分,主修88.14,未收錄,官方篩選原圖確認，修正網站；音樂依主修分列,主修88.14,https://www.cac.edu.tw/CacLink/apply115/115Apply_sievE_Result_querY_615JG8Wgh9d/html_sieve_result_115_Zx57f1dW/Standard/report/pict/002.png
002532,國立臺灣師範大學,音樂學系,無,小提琴,篩選級分,主修85.36,未收錄,官方篩選原圖確認，修正網站；音樂依主修分列,主修85.36,https://www.cac.edu.tw/CacLink/apply115/115Apply_sievE_Result_querY_615JG8Wgh9d/html_sieve_result_115_Zx57f1dW/Standard/report/pict/002.png
002532,國立臺灣師範大學,音樂學系,無,中提琴,篩選級分,主修86.07,未收錄,官方篩選原圖確認，修正網站；音樂依主修分列,主修86.07,https://www.cac.edu.tw/CacLink/apply115/115Apply_sievE_Result_querY_615JG8Wgh9d/html_sieve_result_115_Zx57f1dW/Standard/report/pict/002.png
002532,國立臺灣師範大學,音樂學系,無,大提琴,篩選級分,主修87.14,未收錄,官方篩選原圖確認，修正網站；音樂依主修分列,主修87.14,https://www.cac.edu.tw/CacLink/apply115/115Apply_sievE_Result_querY_615JG8Wgh9d/html_sieve_result_115_Zx57f1dW/Standard/report/pict/002.png
002532,國立臺灣師範大學,音樂學系,無,低音提琴,篩選級分,主修86.07,未收錄,官方篩選原圖確認，修正網站；音樂依主修分列,主修86.07,https://www.cac.edu.tw/CacLink/apply115/115Apply_sievE_Result_querY_615JG8Wgh9d/html_sieve_result_115_Zx57f1dW/Standard/report/pict/002.png
002532,國立臺灣師範大學,音樂學系,無,豎琴,篩選級分,主修90.8,未收錄,官方篩選原圖確認，修正網站；音樂依主修分列,主修90.8,https://www.cac.edu.tw/CacLink/apply115/115Apply_sievE_Result_querY_615JG8Wgh9d/html_sieve_result_115_Zx57f1dW/Standard/report/pict/002.png
002532,國立臺灣師範大學,音樂學系,無,長號,篩選級分,主修86,未收錄,官方篩選原圖確認，修正網站；音樂依主修分列,主修86,https://www.cac.edu.tw/CacLink/apply115/115Apply_sievE_Result_querY_615JG8Wgh9d/html_sieve_result_115_Zx57f1dW/Standard/report/pict/002.png
002532,國立臺灣師範大學,音樂學系,無,小號,篩選級分,主修85.78,未收錄,官方篩選原圖確認，修正網站；音樂依主修分列,主修85.78,https://www.cac.edu.tw/CacLink/apply115/115Apply_sievE_Result_querY_615JG8Wgh9d/html_sieve_result_115_Zx57f1dW/Standard/report/pict/002.png
002532,國立臺灣師範大學,音樂學系,無,法國號,篩選級分,主修87.33,未收錄,官方篩選原圖確認，修正網站；音樂依主修分列,主修87.33,https://www.cac.edu.tw/CacLink/apply115/115Apply_sievE_Result_querY_615JG8Wgh9d/html_sieve_result_115_Zx57f1dW/Standard/report/pict/002.png
002532,國立臺灣師範大學,音樂學系,無,長笛,篩選級分,主修87.33,未收錄,官方篩選原圖確認，修正網站；音樂依主修分列,主修87.33,https://www.cac.edu.tw/CacLink/apply115/115Apply_sievE_Result_querY_615JG8Wgh9d/html_sieve_result_115_Zx57f1dW/Standard/report/pict/002.png
002532,國立臺灣師範大學,音樂學系,無,單簧管(豎笛),篩選級分,主修87.33,未收錄,官方篩選原圖確認，修正網站；音樂依主修分列,主修87.33,https://www.cac.edu.tw/CacLink/apply115/115Apply_sievE_Result_querY_615JG8Wgh9d/html_sieve_result_115_Zx57f1dW/Standard/report/pict/002.png
002532,國立臺灣師範大學,音樂學系,無,雙簧管,篩選級分,主修85.33,未收錄,官方篩選原圖確認，修正網站；音樂依主修分列,主修85.33,https://www.cac.edu.tw/CacLink/apply115/115Apply_sievE_Result_querY_615JG8Wgh9d/html_sieve_result_115_Zx57f1dW/Standard/report/pict/002.png
002532,國立臺灣師範大學,音樂學系,無,低音管,篩選級分,主修85.89,未收錄,官方篩選原圖確認，修正網站；音樂依主修分列,主修85.89,https://www.cac.edu.tw/CacLink/apply115/115Apply_sievE_Result_querY_615JG8Wgh9d/html_sieve_result_115_Zx57f1dW/Standard/report/pict/002.png
002532,國立臺灣師範大學,音樂學系,無,擊樂,篩選級分,主修87.6,未收錄,官方篩選原圖確認，修正網站；音樂依主修分列,主修87.6,https://www.cac.edu.tw/CacLink/apply115/115Apply_sievE_Result_querY_615JG8Wgh9d/html_sieve_result_115_Zx57f1dW/Standard/report/pict/002.png
002532,國立臺灣師範大學,音樂學系,無,理論作曲,篩選級分,主修84.12,未收錄,官方篩選原圖確認，修正網站；音樂依主修分列,主修84.12,https://www.cac.edu.tw/CacLink/apply115/115Apply_sievE_Result_querY_615JG8Wgh9d/html_sieve_result_115_Zx57f1dW/Standard/report/pict/002.png
002532,國立臺灣師範大學,音樂學系,無,琵琶,篩選級分,主修87.2,未收錄,官方篩選原圖確認，修正網站；音樂依主修分列,主修87.2,https://www.cac.edu.tw/CacLink/apply115/115Apply_sievE_Result_querY_615JG8Wgh9d/html_sieve_result_115_Zx57f1dW/Standard/report/pict/002.png
002532,國立臺灣師範大學,音樂學系,無,箏,篩選級分,主修91.2,未收錄,官方篩選原圖確認，修正網站；音樂依主修分列,主修91.2,https://www.cac.edu.tw/CacLink/apply115/115Apply_sievE_Result_querY_615JG8Wgh9d/html_sieve_result_115_Zx57f1dW/Standard/report/pict/002.png
002552,國立臺灣師範大學,設計學系視覺設計組,無,,篩選級分,國英社34(素描+彩繪技法+創意表現)201,國文+英文+社會34,官方篩選原圖確認，修正網站,國文+社會+英文34、創意表現+彩繪技法+素描201,https://www.cac.edu.tw/CacLink/apply115/115Apply_sievE_Result_querY_615JG8Wgh9d/html_sieve_result_115_Zx57f1dW/Standard/report/pict/002.png
002562,國立臺灣師範大學,美術學系繪畫組,無,,篩選級分,國英社30彩繪技法75素描81,國文+英文+社會30,官方篩選原圖確認，修正網站,國文+社會+英文30、彩繪技法75、素描81,https://www.cac.edu.tw/CacLink/apply115/115Apply_sievE_Result_querY_615JG8Wgh9d/html_sieve_result_115_Zx57f1dW/Standard/report/pict/002.png
002572,國立臺灣師範大學,美術學系水墨畫組,無,,篩選級分,國英社21彩繪技法57素描45水墨書畫77.7,國文+英文+社會21,官方篩選原圖確認，修正網站,國文+社會+英文21、彩繪技法57、素描45、水墨書畫77.7,https://www.cac.edu.tw/CacLink/apply115/115Apply_sievE_Result_querY_615JG8Wgh9d/html_sieve_result_115_Zx57f1dW/Standard/report/pict/002.png
002582,國立臺灣師範大學,體育與運動科學系,無,,篩選級分,體育百分等級75.22國英社自31,國文+英文+社會+自然31,官方篩選原圖確認，修正網站,體育百分等級75.22、國文+社會+自然+英文31,https://www.cac.edu.tw/CacLink/apply115/115Apply_sievE_Result_querY_615JG8Wgh9d/html_sieve_result_115_Zx57f1dW/Standard/report/pict/002.png
003332,國立中興大學,農藝學系,無,,篩選級分,國英自27國文10自然11,國文+英文+自然27、國文10,官方篩選原圖確認，修正網站,國文+自然+英文27、國文10、自然11,https://www.cac.edu.tw/CacLink/apply115/115Apply_sievE_Result_querY_615JG8Wgh9d/html_sieve_result_115_Zx57f1dW/Standard/report/pict/003.png
003272,國立中興大學,資訊工程學系(APCS組),無,,篩選級分,數學A11(英文+自然)25英數A自37(APCS識讀+APCS實作)7,數A11、英文+自然25、英文+數A+自然37,官方篩選原圖確認，修正網站,數A11、自然+英文25、數A+自然+英文37、APCS實作+APCS識讀7,https://www.cac.edu.tw/CacLink/apply115/115Apply_sievE_Result_querY_615JG8Wgh9d/html_sieve_result_115_Zx57f1dW/Standard/report/pict/003.png
004202,國立成功大學,系統及船舶機電工程學系,無,,篩選級分,數學A11自然13國英自38,數A13、自然13、國文+英文+自然38,官方篩選原圖確認，修正網站,數A11、自然13、國文+自然+英文38,https://www.cac.edu.tw/CacLink/apply115/115Apply_sievE_Result_querY_615JG8Wgh9d/html_sieve_result_115_Zx57f1dW/Standard/report/pict/004.png
004292,國立成功大學,交通管理科學系,無,,篩選級分,(國文+自然)22數學A11英文13,國文+自然22、數A13、英文13,官方篩選原圖確認，修正網站,國文+自然22、數A11、英文13,https://www.cac.edu.tw/CacLink/apply115/115Apply_sievE_Result_querY_615JG8Wgh9d/html_sieve_result_115_Zx57f1dW/Standard/report/pict/004.png
004442,國立成功大學,法律學系(青年儲蓄帳戶組),無,,篩選級分,空白或--,英文+國文13,官方篩選原圖確認，修正網站,官方未列分數,https://www.cac.edu.tw/CacLink/apply115/115Apply_sievE_Result_querY_615JG8Wgh9d/html_sieve_result_115_Zx57f1dW/Standard/report/pict/004.png
004572,國立成功大學,生物科技與產業科學系(青年儲蓄帳戶組),無,,篩選級分,空白或--,國文+英文24,官方篩選原圖確認，修正網站,官方未列分數,https://www.cac.edu.tw/CacLink/apply115/115Apply_sievE_Result_querY_615JG8Wgh9d/html_sieve_result_115_Zx57f1dW/Standard/report/pict/004.png
005232,東吳大學,資訊管理學系(APCS組),無,,篩選級分,(APCS識讀+APCS實作)4英數B11,英文+數B11,官方篩選原圖確認，修正網站,APCS實作+APCS識讀4、數B+英文11,https://www.cac.edu.tw/CacLink/apply115/115Apply_sievE_Result_querY_615JG8Wgh9d/html_sieve_result_115_Zx57f1dW/Standard/report/pict/005.png
005252,東吳大學,音樂學系,無,鋼琴,篩選級分,主修81.71,未收錄,官方篩選原圖確認，修正網站；音樂依主修分列,主修81.71,https://www.cac.edu.tw/CacLink/apply115/115Apply_sievE_Result_querY_615JG8Wgh9d/html_sieve_result_115_Zx57f1dW/Standard/report/pict/005.png
005252,東吳大學,音樂學系,無,聲樂,篩選級分,主修86,未收錄,官方篩選原圖確認，修正網站；音樂依主修分列,主修86,https://www.cac.edu.tw/CacLink/apply115/115Apply_sievE_Result_querY_615JG8Wgh9d/html_sieve_result_115_Zx57f1dW/Standard/report/pict/005.png
005252,東吳大學,音樂學系,無,小提琴,篩選級分,主修82.64,未收錄,官方篩選原圖確認，修正網站；音樂依主修分列,主修82.64,https://www.cac.edu.tw/CacLink/apply115/115Apply_sievE_Result_querY_615JG8Wgh9d/html_sieve_result_115_Zx57f1dW/Standard/report/pict/005.png
005252,東吳大學,音樂學系,無,中提琴,篩選級分,主修82.71,未收錄,官方篩選原圖確認，修正網站；音樂依主修分列,主修82.71,https://www.cac.edu.tw/CacLink/apply115/115Apply_sievE_Result_querY_615JG8Wgh9d/html_sieve_result_115_Zx57f1dW/Standard/report/pict/005.png
005252,東吳大學,音樂學系,無,大提琴,篩選級分,主修82.14,未收錄,官方篩選原圖確認，修正網站；音樂依主修分列,主修82.14,https://www.cac.edu.tw/CacLink/apply115/115Apply_sievE_Result_querY_615JG8Wgh9d/html_sieve_result_115_Zx57f1dW/Standard/report/pict/005.png
005252,東吳大學,音樂學系,無,低音提琴,篩選級分,主修82.86,未收錄,官方篩選原圖確認，修正網站；音樂依主修分列,主修82.86,https://www.cac.edu.tw/CacLink/apply115/115Apply_sievE_Result_querY_615JG8Wgh9d/html_sieve_result_115_Zx57f1dW/Standard/report/pict/005.png
005252,東吳大學,音樂學系,無,長號,篩選級分,主修83.56,未收錄,官方篩選原圖確認，修正網站；音樂依主修分列,主修83.56,https://www.cac.edu.tw/CacLink/apply115/115Apply_sievE_Result_querY_615JG8Wgh9d/html_sieve_result_115_Zx57f1dW/Standard/report/pict/005.png
005252,東吳大學,音樂學系,無,小號,篩選級分,主修83.33,未收錄,官方篩選原圖確認，修正網站；音樂依主修分列,主修83.33,https://www.cac.edu.tw/CacLink/apply115/115Apply_sievE_Result_querY_615JG8Wgh9d/html_sieve_result_115_Zx57f1dW/Standard/report/pict/005.png
005252,東吳大學,音樂學系,無,法國號,篩選級分,主修83.67,未收錄,官方篩選原圖確認，修正網站；音樂依主修分列,主修83.67,https://www.cac.edu.tw/CacLink/apply115/115Apply_sievE_Result_querY_615JG8Wgh9d/html_sieve_result_115_Zx57f1dW/Standard/report/pict/005.png
005252,東吳大學,音樂學系,無,上低音號,篩選級分,主修84.89,未收錄,官方篩選原圖確認，修正網站；音樂依主修分列,主修84.89,https://www.cac.edu.tw/CacLink/apply115/115Apply_sievE_Result_querY_615JG8Wgh9d/html_sieve_result_115_Zx57f1dW/Standard/report/pict/005.png
005252,東吳大學,音樂學系,無,低音號,篩選級分,主修85.78,未收錄,官方篩選原圖確認，修正網站；音樂依主修分列,主修85.78,https://www.cac.edu.tw/CacLink/apply115/115Apply_sievE_Result_querY_615JG8Wgh9d/html_sieve_result_115_Zx57f1dW/Standard/report/pict/005.png
005252,東吳大學,音樂學系,無,薩克斯管,篩選級分,主修83.56,未收錄,官方篩選原圖確認，修正網站；音樂依主修分列,主修83.56,https://www.cac.edu.tw/CacLink/apply115/115Apply_sievE_Result_querY_615JG8Wgh9d/html_sieve_result_115_Zx57f1dW/Standard/report/pict/005.png
005252,東吳大學,音樂學系,無,長笛,篩選級分,主修83.67,未收錄,官方篩選原圖確認，修正網站；音樂依主修分列,主修83.67,https://www.cac.edu.tw/CacLink/apply115/115Apply_sievE_Result_querY_615JG8Wgh9d/html_sieve_result_115_Zx57f1dW/Standard/report/pict/005.png
005252,東吳大學,音樂學系,無,單簧管(豎笛),篩選級分,主修83.78,未收錄,官方篩選原圖確認，修正網站；音樂依主修分列,主修83.78,https://www.cac.edu.tw/CacLink/apply115/115Apply_sievE_Result_querY_615JG8Wgh9d/html_sieve_result_115_Zx57f1dW/Standard/report/pict/005.png
005252,東吳大學,音樂學系,無,雙簧管,篩選級分,主修83.78,未收錄,官方篩選原圖確認，修正網站；音樂依主修分列,主修83.78,https://www.cac.edu.tw/CacLink/apply115/115Apply_sievE_Result_querY_615JG8Wgh9d/html_sieve_result_115_Zx57f1dW/Standard/report/pict/005.png
005252,東吳大學,音樂學系,無,低音管,篩選級分,主修85.89,未收錄,官方篩選原圖確認，修正網站；音樂依主修分列,主修85.89,https://www.cac.edu.tw/CacLink/apply115/115Apply_sievE_Result_querY_615JG8Wgh9d/html_sieve_result_115_Zx57f1dW/Standard/report/pict/005.png
005252,東吳大學,音樂學系,無,擊樂,篩選級分,主修84.2,未收錄,官方篩選原圖確認，修正網站；音樂依主修分列,主修84.2,https://www.cac.edu.tw/CacLink/apply115/115Apply_sievE_Result_querY_615JG8Wgh9d/html_sieve_result_115_Zx57f1dW/Standard/report/pict/005.png
005252,東吳大學,音樂學系,無,理論作曲,篩選級分,主修75.08,未收錄,官方篩選原圖確認，修正網站；音樂依主修分列,主修75.08,https://www.cac.edu.tw/CacLink/apply115/115Apply_sievE_Result_querY_615JG8Wgh9d/html_sieve_result_115_Zx57f1dW/Standard/report/pict/005.png
006152,國立政治大學,國際經營與貿易學系,無,,篩選級分,國英數A社50(國文+英文)27數學A11,國文+英文+數A+社會50、國文+英文27,官方篩選原圖確認，修正網站,國文+數A+社會+英文50、國文+英文27、數A11,https://www.cac.edu.tw/CacLink/apply115/115Apply_sievE_Result_querY_615JG8Wgh9d/html_sieve_result_115_Zx57f1dW/Standard/report/pict/006.png
006182,國立政治大學,統計學系(甲組),無,,篩選級分,數學A11英文12國英數A社50,數A12、英文12、國文+英文+數A+社會50,官方篩選原圖確認，修正網站,數A11、英文12、國文+數A+社會+英文50,https://www.cac.edu.tw/CacLink/apply115/115Apply_sievE_Result_querY_615JG8Wgh9d/html_sieve_result_115_Zx57f1dW/Standard/report/pict/006.png
006442,國立政治大學,資訊科學系(資安組),無,,篩選級分,國英數A自48數學A11,國文+英文+數A+自然48,官方篩選原圖確認，修正網站,國文+數A+自然+英文48、數A11,https://www.cac.edu.tw/CacLink/apply115/115Apply_sievE_Result_querY_615JG8Wgh9d/html_sieve_result_115_Zx57f1dW/Standard/report/pict/006.png
006432,國立政治大學,資訊科學系(APCS組),無,,篩選級分,(數學A+自然)23APCS實作3,數A+自然23,官方篩選原圖確認，修正網站,數A+自然23、APCS實作3,https://www.cac.edu.tw/CacLink/apply115/115Apply_sievE_Result_querY_615JG8Wgh9d/html_sieve_result_115_Zx57f1dW/Standard/report/pict/006.png
008142,中原大學,環境工程學系,無,,篩選級分,自然10國英自31,自然10、國文+英文+自然3,官方篩選原圖確認，修正網站,自然10、國文+自然+英文31,https://www.cac.edu.tw/CacLink/apply115/115Apply_sievE_Result_querY_615JG8Wgh9d/html_sieve_result_115_Zx57f1dW/Standard/report/pict/008.png
008432,中原大學,商業設計學系產品設計組甲類,無,,篩選級分,彩繪技法69創意表現75,未收錄,官方篩選原圖確認，修正網站,彩繪技法69、創意表現75,https://www.cac.edu.tw/CacLink/apply115/115Apply_sievE_Result_querY_615JG8Wgh9d/html_sieve_result_115_Zx57f1dW/Standard/report/pict/008.png
009182,東海大學,資訊工程學系(APCS組),無,,篩選級分,(APCS識讀+APCS實作)4英數A自24,英文+數A+自然24,官方篩選原圖確認，修正網站,APCS實作+APCS識讀4、數A+自然+英文24,https://www.cac.edu.tw/CacLink/apply115/115Apply_sievE_Result_querY_615JG8Wgh9d/html_sieve_result_115_Zx57f1dW/Standard/report/pict/009.png
009432,東海大學,音樂學系(演奏唱組),無,鋼琴,篩選級分,主修62.93,未收錄,官方篩選原圖確認，修正網站；音樂依主修分列,主修62.93,https://www.cac.edu.tw/CacLink/apply115/115Apply_sievE_Result_querY_615JG8Wgh9d/html_sieve_result_115_Zx57f1dW/Standard/report/pict/009.png
009432,東海大學,音樂學系(演奏唱組),無,聲樂,篩選級分,主修77.71,未收錄,官方篩選原圖確認，修正網站；音樂依主修分列,主修77.71,https://www.cac.edu.tw/CacLink/apply115/115Apply_sievE_Result_querY_615JG8Wgh9d/html_sieve_result_115_Zx57f1dW/Standard/report/pict/009.png
009432,東海大學,音樂學系(演奏唱組),無,小提琴,篩選級分,主修72.21,未收錄,官方篩選原圖確認，修正網站；音樂依主修分列,主修72.21,https://www.cac.edu.tw/CacLink/apply115/115Apply_sievE_Result_querY_615JG8Wgh9d/html_sieve_result_115_Zx57f1dW/Standard/report/pict/009.png
009432,東海大學,音樂學系(演奏唱組),無,中提琴,篩選級分,主修79,未收錄,官方篩選原圖確認，修正網站；音樂依主修分列,主修79,https://www.cac.edu.tw/CacLink/apply115/115Apply_sievE_Result_querY_615JG8Wgh9d/html_sieve_result_115_Zx57f1dW/Standard/report/pict/009.png
009432,東海大學,音樂學系(演奏唱組),無,大提琴,篩選級分,主修80.36,未收錄,官方篩選原圖確認，修正網站；音樂依主修分列,主修80.36,https://www.cac.edu.tw/CacLink/apply115/115Apply_sievE_Result_querY_615JG8Wgh9d/html_sieve_result_115_Zx57f1dW/Standard/report/pict/009.png
009432,東海大學,音樂學系(演奏唱組),無,低音提琴,篩選級分,主修81.64,未收錄,官方篩選原圖確認，修正網站；音樂依主修分列,主修81.64,https://www.cac.edu.tw/CacLink/apply115/115Apply_sievE_Result_querY_615JG8Wgh9d/html_sieve_result_115_Zx57f1dW/Standard/report/pict/009.png
009432,東海大學,音樂學系(演奏唱組),無,小號,篩選級分,主修76.22,未收錄,官方篩選原圖確認，修正網站；音樂依主修分列,主修76.22,https://www.cac.edu.tw/CacLink/apply115/115Apply_sievE_Result_querY_615JG8Wgh9d/html_sieve_result_115_Zx57f1dW/Standard/report/pict/009.png
009432,東海大學,音樂學系(演奏唱組),無,法國號,篩選級分,主修82.33,未收錄,官方篩選原圖確認，修正網站；音樂依主修分列,主修82.33,https://www.cac.edu.tw/CacLink/apply115/115Apply_sievE_Result_querY_615JG8Wgh9d/html_sieve_result_115_Zx57f1dW/Standard/report/pict/009.png
009432,東海大學,音樂學系(演奏唱組),無,低音號,篩選級分,主修82,未收錄,官方篩選原圖確認，修正網站；音樂依主修分列,主修82,https://www.cac.edu.tw/CacLink/apply115/115Apply_sievE_Result_querY_615JG8Wgh9d/html_sieve_result_115_Zx57f1dW/Standard/report/pict/009.png
009432,東海大學,音樂學系(演奏唱組),無,薩克斯管,篩選級分,主修81.56,未收錄,官方篩選原圖確認，修正網站；音樂依主修分列,主修81.56,https://www.cac.edu.tw/CacLink/apply115/115Apply_sievE_Result_querY_615JG8Wgh9d/html_sieve_result_115_Zx57f1dW/Standard/report/pict/009.png
009432,東海大學,音樂學系(演奏唱組),無,長笛,篩選級分,主修77.78,未收錄,官方篩選原圖確認，修正網站；音樂依主修分列,主修77.78,https://www.cac.edu.tw/CacLink/apply115/115Apply_sievE_Result_querY_615JG8Wgh9d/html_sieve_result_115_Zx57f1dW/Standard/report/pict/009.png
009432,東海大學,音樂學系(演奏唱組),無,單簧管(豎笛),篩選級分,主修78.11,未收錄,官方篩選原圖確認，修正網站；音樂依主修分列,主修78.11,https://www.cac.edu.tw/CacLink/apply115/115Apply_sievE_Result_querY_615JG8Wgh9d/html_sieve_result_115_Zx57f1dW/Standard/report/pict/009.png
009432,東海大學,音樂學系(演奏唱組),無,擊樂,篩選級分,主修79.6,未收錄,官方篩選原圖確認，修正網站；音樂依主修分列,主修79.6,https://www.cac.edu.tw/CacLink/apply115/115Apply_sievE_Result_querY_615JG8Wgh9d/html_sieve_result_115_Zx57f1dW/Standard/report/pict/009.png
009452,東海大學,美術學系,無,,篩選級分,國文11,未收錄,官方篩選原圖確認，修正網站,國文11,https://www.cac.edu.tw/CacLink/apply115/115Apply_sievE_Result_querY_615JG8Wgh9d/html_sieve_result_115_Zx57f1dW/Standard/report/pict/009.png
011452,國立清華大學,清華學院學士班乙組(青年儲蓄帳戶組),無,,篩選級分,空白或--,英文+數A24、國文+英文+社會32,官方篩選原圖確認，修正網站,官方未列分數,https://www.cac.edu.tw/CacLink/apply115/115Apply_sievE_Result_querY_615JG8Wgh9d/html_sieve_result_115_Zx57f1dW/Standard/report/pict/011.png
011552,國立清華大學,音樂學系,無,鋼琴,篩選級分,主修60.43,未收錄,官方篩選原圖確認，修正網站；音樂依主修分列,主修60.43,https://www.cac.edu.tw/CacLink/apply115/115Apply_sievE_Result_querY_615JG8Wgh9d/html_sieve_result_115_Zx57f1dW/Standard/report/pict/011.png
011552,國立清華大學,音樂學系,無,聲樂,篩選級分,主修85.71,未收錄,官方篩選原圖確認，修正網站；音樂依主修分列,主修85.71,https://www.cac.edu.tw/CacLink/apply115/115Apply_sievE_Result_querY_615JG8Wgh9d/html_sieve_result_115_Zx57f1dW/Standard/report/pict/011.png
011552,國立清華大學,音樂學系,無,小提琴,篩選級分,主修82.86,未收錄,官方篩選原圖確認，修正網站；音樂依主修分列,主修82.86,https://www.cac.edu.tw/CacLink/apply115/115Apply_sievE_Result_querY_615JG8Wgh9d/html_sieve_result_115_Zx57f1dW/Standard/report/pict/011.png
011552,國立清華大學,音樂學系,無,中提琴,篩選級分,主修79,未收錄,官方篩選原圖確認，修正網站；音樂依主修分列,主修79,https://www.cac.edu.tw/CacLink/apply115/115Apply_sievE_Result_querY_615JG8Wgh9d/html_sieve_result_115_Zx57f1dW/Standard/report/pict/011.png
011552,國立清華大學,音樂學系,無,大提琴,篩選級分,主修85.07,未收錄,官方篩選原圖確認，修正網站；音樂依主修分列,主修85.07,https://www.cac.edu.tw/CacLink/apply115/115Apply_sievE_Result_querY_615JG8Wgh9d/html_sieve_result_115_Zx57f1dW/Standard/report/pict/011.png
011552,國立清華大學,音樂學系,無,低音提琴,篩選級分,主修81.64,未收錄,官方篩選原圖確認，修正網站；音樂依主修分列,主修81.64,https://www.cac.edu.tw/CacLink/apply115/115Apply_sievE_Result_querY_615JG8Wgh9d/html_sieve_result_115_Zx57f1dW/Standard/report/pict/011.png
011552,國立清華大學,音樂學系,無,長號,篩選級分,主修81.89,未收錄,官方篩選原圖確認，修正網站；音樂依主修分列,主修81.89,https://www.cac.edu.tw/CacLink/apply115/115Apply_sievE_Result_querY_615JG8Wgh9d/html_sieve_result_115_Zx57f1dW/Standard/report/pict/011.png
011552,國立清華大學,音樂學系,無,小號,篩選級分,主修83.33,未收錄,官方篩選原圖確認，修正網站；音樂依主修分列,主修83.33,https://www.cac.edu.tw/CacLink/apply115/115Apply_sievE_Result_querY_615JG8Wgh9d/html_sieve_result_115_Zx57f1dW/Standard/report/pict/011.png
011552,國立清華大學,音樂學系,無,法國號,篩選級分,主修82.33,未收錄,官方篩選原圖確認，修正網站；音樂依主修分列,主修82.33,https://www.cac.edu.tw/CacLink/apply115/115Apply_sievE_Result_querY_615JG8Wgh9d/html_sieve_result_115_Zx57f1dW/Standard/report/pict/011.png
011552,國立清華大學,音樂學系,無,上低音號,篩選級分,主修84.89,未收錄,官方篩選原圖確認，修正網站；音樂依主修分列,主修84.89,https://www.cac.edu.tw/CacLink/apply115/115Apply_sievE_Result_querY_615JG8Wgh9d/html_sieve_result_115_Zx57f1dW/Standard/report/pict/011.png
011552,國立清華大學,音樂學系,無,薩克斯管,篩選級分,主修84.89,未收錄,官方篩選原圖確認，修正網站；音樂依主修分列,主修84.89,https://www.cac.edu.tw/CacLink/apply115/115Apply_sievE_Result_querY_615JG8Wgh9d/html_sieve_result_115_Zx57f1dW/Standard/report/pict/011.png
011552,國立清華大學,音樂學系,無,長笛,篩選級分,主修87.22,未收錄,官方篩選原圖確認，修正網站；音樂依主修分列,主修87.22,https://www.cac.edu.tw/CacLink/apply115/115Apply_sievE_Result_querY_615JG8Wgh9d/html_sieve_result_115_Zx57f1dW/Standard/report/pict/011.png
011552,國立清華大學,音樂學系,無,單簧管(豎笛),篩選級分,主修83.33,未收錄,官方篩選原圖確認，修正網站；音樂依主修分列,主修83.33,https://www.cac.edu.tw/CacLink/apply115/115Apply_sievE_Result_querY_615JG8Wgh9d/html_sieve_result_115_Zx57f1dW/Standard/report/pict/011.png
011552,國立清華大學,音樂學系,無,雙簧管,篩選級分,主修83.78,未收錄,官方篩選原圖確認，修正網站；音樂依主修分列,主修83.78,https://www.cac.edu.tw/CacLink/apply115/115Apply_sievE_Result_querY_615JG8Wgh9d/html_sieve_result_115_Zx57f1dW/Standard/report/pict/011.png
011552,國立清華大學,音樂學系,無,直笛,篩選級分,主修86,未收錄,官方篩選原圖確認，修正網站；音樂依主修分列,主修86,https://www.cac.edu.tw/CacLink/apply115/115Apply_sievE_Result_querY_615JG8Wgh9d/html_sieve_result_115_Zx57f1dW/Standard/report/pict/011.png
011552,國立清華大學,音樂學系,無,擊樂,篩選級分,主修82.2,未收錄,官方篩選原圖確認，修正網站；音樂依主修分列,主修82.2,https://www.cac.edu.tw/CacLink/apply115/115Apply_sievE_Result_querY_615JG8Wgh9d/html_sieve_result_115_Zx57f1dW/Standard/report/pict/011.png
011552,國立清華大學,音樂學系,無,理論作曲,篩選級分,主修68.4,未收錄,官方篩選原圖確認，修正網站；音樂依主修分列,主修68.4,https://www.cac.edu.tw/CacLink/apply115/115Apply_sievE_Result_querY_615JG8Wgh9d/html_sieve_result_115_Zx57f1dW/Standard/report/pict/011.png
011562,國立清華大學,藝術與設計學系創作組,無,,篩選級分,彩繪技法72素描87,未收錄,官方篩選原圖確認，修正網站,彩繪技法72、素描87,https://www.cac.edu.tw/CacLink/apply115/115Apply_sievE_Result_querY_615JG8Wgh9d/html_sieve_result_115_Zx57f1dW/Standard/report/pict/011.png
011572,國立清華大學,藝術與設計學系設計組,無,,篩選級分,國文12英文12,未收錄,官方篩選原圖確認，修正網站,國文12、英文12,https://www.cac.edu.tw/CacLink/apply115/115Apply_sievE_Result_querY_615JG8Wgh9d/html_sieve_result_115_Zx57f1dW/Standard/report/pict/011.png
013412,國立陽明交通大學,屯蒙-生醫科學組,無,,篩選級分,英數A自30自然11,英文+數A+自然30,官方篩選原圖確認，修正網站,數A+自然+英文30、自然11,https://www.cac.edu.tw/CacLink/apply115/115Apply_sievE_Result_querY_615JG8Wgh9d/html_sieve_result_115_Zx57f1dW/Standard/report/pict/013.png
014172,淡江大學,國際企業學系經貿管理組,無,,篩選級分,國文7英文8國英社31,社會7、國文7、英文8、國文+英文+社會1,官方篩選原圖確認，修正網站,國文7、英文8、國文+社會+英文31,https://www.cac.edu.tw/CacLink/apply115/115Apply_sievE_Result_querY_615JG8Wgh9d/html_sieve_result_115_Zx57f1dW/Standard/report/pict/014.png
014212,淡江大學,會計學系,無,,篩選級分,國文9英文2國英社27,國文9、社會2、英文2、國文+英文+社會27,官方篩選原圖確認，修正網站,國文9、英文2、國文+社會+英文27,https://www.cac.edu.tw/CacLink/apply115/115Apply_sievE_Result_querY_615JG8Wgh9d/html_sieve_result_115_Zx57f1dW/Standard/report/pict/014.png
014392,淡江大學,資訊工程學系B組,無,,篩選級分,(英文+數學A)12英數A17,英文+數A17、英文+數A17,官方篩選原圖確認，修正網站,數A+英文12、數A+英文17,https://www.cac.edu.tw/CacLink/apply115/115Apply_sievE_Result_querY_615JG8Wgh9d/html_sieve_result_115_Zx57f1dW/Standard/report/pict/014.png
014532,淡江大學,教育與未來設計學系(青年儲蓄帳戶組),無,,篩選級分,空白或--,國文+英文+自然26,官方篩選原圖確認，修正網站,官方未列分數,https://www.cac.edu.tw/CacLink/apply115/115Apply_sievE_Result_querY_615JG8Wgh9d/html_sieve_result_115_Zx57f1dW/Standard/report/pict/014.png
015372,逢甲大學,土地管理學系,無,,篩選級分,國英數B社31,國文+英文+數B+社會3,官方篩選原圖確認，修正網站,國文+數B+社會+英文31,https://www.cac.edu.tw/CacLink/apply115/115Apply_sievE_Result_querY_615JG8Wgh9d/html_sieve_result_115_Zx57f1dW/Standard/report/pict/015.png
015262,逢甲大學,資訊工程學系(APCS組),無,,篩選級分,(APCS識讀+APCS實作)5數學A7國英數A26,數A7、國文+英文+數A26,官方篩選原圖確認，修正網站,APCS實作+APCS識讀5、數A7、國文+數A+英文26,https://www.cac.edu.tw/CacLink/apply115/115Apply_sievE_Result_querY_615JG8Wgh9d/html_sieve_result_115_Zx57f1dW/Standard/report/pict/015.png
015272,逢甲大學,資訊工程學系(資安組),無,,篩選級分,(APCS識讀+APCS實作)4數學A6國英數A25,數A6、國文+英文+數A25,官方篩選原圖確認，修正網站,APCS實作+APCS識讀4、數A6、國文+數A+英文25,https://www.cac.edu.tw/CacLink/apply115/115Apply_sievE_Result_querY_615JG8Wgh9d/html_sieve_result_115_Zx57f1dW/Standard/report/pict/015.png
016042,國立中央大學,文學院學士班,無,,篩選級分,國英數B社41社會11國文12英文13,國文+英文+數B+社會41、社會12、國文12、英文13,官方篩選原圖確認，修正網站,國文+數B+社會+英文41、社會11、國文12、英文13,https://www.cac.edu.tw/CacLink/apply115/115Apply_sievE_Result_querY_615JG8Wgh9d/html_sieve_result_115_Zx57f1dW/Standard/report/pict/016.png
016222,國立中央大學,財務金融學系,無,,篩選級分,(國文+英文+數學B)35社會12英數B社38,國文+英文+數B35、社會12、英文+數B+社會3,官方篩選原圖確認，修正網站,國文+數B+英文35、社會12、數B+社會+英文38,https://www.cac.edu.tw/CacLink/apply115/115Apply_sievE_Result_querY_615JG8Wgh9d/html_sieve_result_115_Zx57f1dW/Standard/report/pict/016.png
016272,國立中央大學,通訊工程學系,無,,篩選級分,(國文+自然)26國英數A自51(英文+數學A)25,國文+自然26、國文+英文+數A+自然5、英文+數A25,官方篩選原圖確認，修正網站,國文+自然26、國文+數A+自然+英文51、數A+英文25,https://www.cac.edu.tw/CacLink/apply115/115Apply_sievE_Result_querY_615JG8Wgh9d/html_sieve_result_115_Zx57f1dW/Standard/report/pict/016.png
016322,國立中央大學,地球科學學院學士班,無,,篩選級分,(英文+數學A+自然)31數A自23,英文+數A+自然23、數A+自然23,官方篩選原圖確認，修正網站,數A+自然+英文31、數A+自然23,https://www.cac.edu.tw/CacLink/apply115/115Apply_sievE_Result_querY_615JG8Wgh9d/html_sieve_result_115_Zx57f1dW/Standard/report/pict/016.png
016412,國立中央大學,向日葵聯合招生丁組(工程),無,,學測科目組合倍率,5,6,官方分則確認網站正確，保留原值；PDF欄位需更正,國文+英文+數A+自然41、數A+自然21,https://www.cac.edu.tw/CacLink/apply115/115Apply_sievE_Result_querY_615JG8Wgh9d/html_sieve_result_115_Zx57f1dW/Standard/report/pict/016.png
016202,國立中央大學,資訊管理學系(APCS組),無,,篩選級分,數學A10英文11(APCS識讀+APCS實作)6,數A10,官方篩選原圖確認，修正網站,數A10、英文11、APCS實作+APCS識讀6,https://www.cac.edu.tw/CacLink/apply115/115Apply_sievE_Result_querY_615JG8Wgh9d/html_sieve_result_115_Zx57f1dW/Standard/report/pict/016.png
016252,國立中央大學,資訊工程學系(APCS組),無,,篩選級分,(APCS識讀+APCS實作)8英數A自34自然12英文10數學A11,英文+數A+自然34、自然12、英文10、數A11,官方篩選原圖確認，修正網站,APCS實作+APCS識讀8、數A+自然+英文34、自然12、英文10、數A11,https://www.cac.edu.tw/CacLink/apply115/115Apply_sievE_Result_querY_615JG8Wgh9d/html_sieve_result_115_Zx57f1dW/Standard/report/pict/016.png
017022,中國文化大學,哲學與歷史學系(史學組),無,,篩選級分,國社16社會11,國文+社會16,官方篩選原圖確認，修正網站,國文+社會16、社會11,https://www.cac.edu.tw/CacLink/apply115/115Apply_sievE_Result_querY_615JG8Wgh9d/html_sieve_result_115_Zx57f1dW/Standard/report/pict/017.png
017542,中國文化大學,美術學系,無,,篩選級分,(素描+彩繪技法)51,未收錄,官方篩選原圖確認，修正網站,彩繪技法+素描51,https://www.cac.edu.tw/CacLink/apply115/115Apply_sievE_Result_querY_615JG8Wgh9d/html_sieve_result_115_Zx57f1dW/Standard/report/pict/017.png
018092,靜宜大學,生態人文學系(青年儲蓄帳戶組),無,,篩選級分,空白或--,國文+英文16,官方篩選原圖確認，修正網站,官方未列分數,https://www.cac.edu.tw/CacLink/apply115/115Apply_sievE_Result_querY_615JG8Wgh9d/html_sieve_result_115_Zx57f1dW/Standard/report/pict/018.png
019102,大同大學,電機工程學系(青年儲蓄帳戶組),無,,篩選級分,空白或--,國文+英文15,官方篩選原圖確認，修正網站,官方未列分數,https://www.cac.edu.tw/CacLink/apply115/115Apply_sievE_Result_querY_615JG8Wgh9d/html_sieve_result_115_Zx57f1dW/Standard/report/pict/019.png
020062,輔仁大學,景觀設計學系(青年儲蓄帳戶組),無,,篩選級分,空白或--,國文+英文21,官方篩選原圖確認，修正網站,官方未列分數,https://www.cac.edu.tw/CacLink/apply115/115Apply_sievE_Result_querY_615JG8Wgh9d/html_sieve_result_115_Zx57f1dW/Standard/report/pict/020.png
020142,輔仁大學,公共衛生學系(青年儲蓄帳戶組),無,,篩選級分,空白或--,國文+英文+數A+自然+社會29、國文+英文22、自然+英文+社會28,官方篩選原圖確認，修正網站,官方未列分數,https://www.cac.edu.tw/CacLink/apply115/115Apply_sievE_Result_querY_615JG8Wgh9d/html_sieve_result_115_Zx57f1dW/Standard/report/pict/020.png
020242,輔仁大學,資訊工程學系(APCS組),無,,篩選級分,(APCS識讀+APCS實作)7英數A17,英文+數A17,官方篩選原圖確認，修正網站,APCS實作+APCS識讀7、數A+英文17,https://www.cac.edu.tw/CacLink/apply115/115Apply_sievE_Result_querY_615JG8Wgh9d/html_sieve_result_115_Zx57f1dW/Standard/report/pict/020.png
020292,輔仁大學,電機工程學系(APCS組),無,,篩選級分,(APCS識讀+APCS實作)4英數A自26,英文+數A+自然26,官方篩選原圖確認，修正網站,APCS實作+APCS識讀4、數A+自然+英文26,https://www.cac.edu.tw/CacLink/apply115/115Apply_sievE_Result_querY_615JG8Wgh9d/html_sieve_result_115_Zx57f1dW/Standard/report/pict/020.png
020312,輔仁大學,醫學資訊與創新應用學士學位學程(APCS組),無,,篩選級分,APCS識讀3英數A12,英文+數A12,官方篩選原圖確認，修正網站,APCS識讀3、數A+英文12,https://www.cac.edu.tw/CacLink/apply115/115Apply_sievE_Result_querY_615JG8Wgh9d/html_sieve_result_115_Zx57f1dW/Standard/report/pict/020.png
020342,輔仁大學,人工智慧與資訊安全學士學位學程(APCS組),無,,篩選級分,APCS識讀2英數A10,英文+數A10,官方篩選原圖確認，修正網站,APCS識讀2、數A+英文10,https://www.cac.edu.tw/CacLink/apply115/115Apply_sievE_Result_querY_615JG8Wgh9d/html_sieve_result_115_Zx57f1dW/Standard/report/pict/020.png
020552,輔仁大學,資訊管理學系(APCS組),無,,篩選級分,國文8(APCS識讀+APCS實作)4英數B15,國文8、英文+數B15,官方篩選原圖確認，修正網站,國文8、APCS實作+APCS識讀4、數B+英文15,https://www.cac.edu.tw/CacLink/apply115/115Apply_sievE_Result_querY_615JG8Wgh9d/html_sieve_result_115_Zx57f1dW/Standard/report/pict/020.png
020672,輔仁大學,音樂學系器樂組,無,鋼琴,篩選級分,主修60.43,未收錄,官方篩選原圖確認，修正網站；音樂依主修分列,主修60.43,https://www.cac.edu.tw/CacLink/apply115/115Apply_sievE_Result_querY_615JG8Wgh9d/html_sieve_result_115_Zx57f1dW/Standard/report/pict/020.png
020672,輔仁大學,音樂學系器樂組,無,聲樂,篩選級分,主修84.43,未收錄,官方篩選原圖確認，修正網站；音樂依主修分列,主修84.43,https://www.cac.edu.tw/CacLink/apply115/115Apply_sievE_Result_querY_615JG8Wgh9d/html_sieve_result_115_Zx57f1dW/Standard/report/pict/020.png
020672,輔仁大學,音樂學系器樂組,無,小提琴,篩選級分,主修72.86,未收錄,官方篩選原圖確認，修正網站；音樂依主修分列,主修72.86,https://www.cac.edu.tw/CacLink/apply115/115Apply_sievE_Result_querY_615JG8Wgh9d/html_sieve_result_115_Zx57f1dW/Standard/report/pict/020.png
020672,輔仁大學,音樂學系器樂組,無,中提琴,篩選級分,主修81.64,未收錄,官方篩選原圖確認，修正網站；音樂依主修分列,主修81.64,https://www.cac.edu.tw/CacLink/apply115/115Apply_sievE_Result_querY_615JG8Wgh9d/html_sieve_result_115_Zx57f1dW/Standard/report/pict/020.png
020672,輔仁大學,音樂學系器樂組,無,大提琴,篩選級分,主修83.36,未收錄,官方篩選原圖確認，修正網站；音樂依主修分列,主修83.36,https://www.cac.edu.tw/CacLink/apply115/115Apply_sievE_Result_querY_615JG8Wgh9d/html_sieve_result_115_Zx57f1dW/Standard/report/pict/020.png
020672,輔仁大學,音樂學系器樂組,無,低音提琴,篩選級分,主修79.36,未收錄,官方篩選原圖確認，修正網站；音樂依主修分列,主修79.36,https://www.cac.edu.tw/CacLink/apply115/115Apply_sievE_Result_querY_615JG8Wgh9d/html_sieve_result_115_Zx57f1dW/Standard/report/pict/020.png
020672,輔仁大學,音樂學系器樂組,無,長號,篩選級分,主修76.33,未收錄,官方篩選原圖確認，修正網站；音樂依主修分列,主修76.33,https://www.cac.edu.tw/CacLink/apply115/115Apply_sievE_Result_querY_615JG8Wgh9d/html_sieve_result_115_Zx57f1dW/Standard/report/pict/020.png
020672,輔仁大學,音樂學系器樂組,無,小號,篩選級分,主修77.67,未收錄,官方篩選原圖確認，修正網站；音樂依主修分列,主修77.67,https://www.cac.edu.tw/CacLink/apply115/115Apply_sievE_Result_querY_615JG8Wgh9d/html_sieve_result_115_Zx57f1dW/Standard/report/pict/020.png
020672,輔仁大學,音樂學系器樂組,無,法國號,篩選級分,主修82.33,未收錄,官方篩選原圖確認，修正網站；音樂依主修分列,主修82.33,https://www.cac.edu.tw/CacLink/apply115/115Apply_sievE_Result_querY_615JG8Wgh9d/html_sieve_result_115_Zx57f1dW/Standard/report/pict/020.png
020672,輔仁大學,音樂學系器樂組,無,低音號,篩選級分,主修83.56,未收錄,官方篩選原圖確認，修正網站；音樂依主修分列,主修83.56,https://www.cac.edu.tw/CacLink/apply115/115Apply_sievE_Result_querY_615JG8Wgh9d/html_sieve_result_115_Zx57f1dW/Standard/report/pict/020.png
020672,輔仁大學,音樂學系器樂組,無,薩克斯管,篩選級分,主修81.56,未收錄,官方篩選原圖確認，修正網站；音樂依主修分列,主修81.56,https://www.cac.edu.tw/CacLink/apply115/115Apply_sievE_Result_querY_615JG8Wgh9d/html_sieve_result_115_Zx57f1dW/Standard/report/pict/020.png
020672,輔仁大學,音樂學系器樂組,無,長笛,篩選級分,主修80.44,未收錄,官方篩選原圖確認，修正網站；音樂依主修分列,主修80.44,https://www.cac.edu.tw/CacLink/apply115/115Apply_sievE_Result_querY_615JG8Wgh9d/html_sieve_result_115_Zx57f1dW/Standard/report/pict/020.png
020672,輔仁大學,音樂學系器樂組,無,單簧管(豎笛),篩選級分,主修83.78,未收錄,官方篩選原圖確認，修正網站；音樂依主修分列,主修83.78,https://www.cac.edu.tw/CacLink/apply115/115Apply_sievE_Result_querY_615JG8Wgh9d/html_sieve_result_115_Zx57f1dW/Standard/report/pict/020.png
020672,輔仁大學,音樂學系器樂組,無,擊樂,篩選級分,主修84.2,未收錄,官方篩選原圖確認，修正網站；音樂依主修分列,主修84.2,https://www.cac.edu.tw/CacLink/apply115/115Apply_sievE_Result_querY_615JG8Wgh9d/html_sieve_result_115_Zx57f1dW/Standard/report/pict/020.png
020672,輔仁大學,音樂學系器樂組,無,理論作曲,篩選級分,主修68.4,未收錄,官方篩選原圖確認，修正網站；音樂依主修分列,主修68.4,https://www.cac.edu.tw/CacLink/apply115/115Apply_sievE_Result_querY_615JG8Wgh9d/html_sieve_result_115_Zx57f1dW/Standard/report/pict/020.png
020702,輔仁大學,應用美術學系,無,,篩選級分,素描48創意表現51英文5,英文5,官方篩選原圖確認，修正網站,素描48、創意表現51、英文5,https://www.cac.edu.tw/CacLink/apply115/115Apply_sievE_Result_querY_615JG8Wgh9d/html_sieve_result_115_Zx57f1dW/Standard/report/pict/020.png
020712,輔仁大學,體育學系體育學組,無,,篩選級分,(國文+英文)16,未收錄,官方篩選原圖確認，修正網站,國文+英文16,https://www.cac.edu.tw/CacLink/apply115/115Apply_sievE_Result_querY_615JG8Wgh9d/html_sieve_result_115_Zx57f1dW/Standard/report/pict/020.png
020722,輔仁大學,體育學系運動健康管理組,無,,篩選級分,(國文+英文)18,未收錄,官方篩選原圖確認，修正網站,國文+英文18,https://www.cac.edu.tw/CacLink/apply115/115Apply_sievE_Result_querY_615JG8Wgh9d/html_sieve_result_115_Zx57f1dW/Standard/report/pict/020.png
021022,國立臺灣海洋大學,航運管理學系,無,,篩選級分,國英數B社35數學B6英文11,國文+英文+數B+社會35、數B6,官方篩選原圖確認，修正網站,國文+數B+社會+英文35、數B6、英文11,https://www.cac.edu.tw/CacLink/apply115/115Apply_sievE_Result_querY_615JG8Wgh9d/html_sieve_result_115_Zx57f1dW/Standard/report/pict/021.png
021212,國立臺灣海洋大學,電機工程學系(青年儲蓄帳戶組),無,,篩選級分,空白或--,英文+數A+自然34,官方篩選原圖確認，修正網站,官方未列分數,https://www.cac.edu.tw/CacLink/apply115/115Apply_sievE_Result_querY_615JG8Wgh9d/html_sieve_result_115_Zx57f1dW/Standard/report/pict/021.png
021262,國立臺灣海洋大學,光電與材料科技學系,無,,篩選級分,英數A自34數學A11,英文+數A+自然34,官方篩選原圖確認，修正網站,數A+自然+英文34、數A11,https://www.cac.edu.tw/CacLink/apply115/115Apply_sievE_Result_querY_615JG8Wgh9d/html_sieve_result_115_Zx57f1dW/Standard/report/pict/021.png
021282,國立臺灣海洋大學,海洋文創設計產業學士學位學程(青年儲蓄帳戶組),無,,篩選級分,空白或--,國文+英文9,官方篩選原圖確認，修正網站,官方未列分數,https://www.cac.edu.tw/CacLink/apply115/115Apply_sievE_Result_querY_615JG8Wgh9d/html_sieve_result_115_Zx57f1dW/Standard/report/pict/021.png
021302,國立臺灣海洋大學,海洋法政學士學位學程(青年儲蓄帳戶組),無,,篩選級分,空白或--,國文+英文9,官方篩選原圖確認，修正網站,官方未列分數,https://www.cac.edu.tw/CacLink/apply115/115Apply_sievE_Result_querY_615JG8Wgh9d/html_sieve_result_115_Zx57f1dW/Standard/report/pict/021.png
022212,國立高雄師範大學,音樂學系,無,鋼琴,篩選級分,主修78.57,未收錄,官方篩選原圖確認，修正網站；音樂依主修分列,主修78.57,https://www.cac.edu.tw/CacLink/apply115/115Apply_sievE_Result_querY_615JG8Wgh9d/html_sieve_result_115_Zx57f1dW/Standard/report/pict/022.png
022212,國立高雄師範大學,音樂學系,無,聲樂,篩選級分,主修85.14,未收錄,官方篩選原圖確認，修正網站；音樂依主修分列,主修85.14,https://www.cac.edu.tw/CacLink/apply115/115Apply_sievE_Result_querY_615JG8Wgh9d/html_sieve_result_115_Zx57f1dW/Standard/report/pict/022.png
022212,國立高雄師範大學,音樂學系,無,小提琴,篩選級分,主修82.93,未收錄,官方篩選原圖確認，修正網站；音樂依主修分列,主修82.93,https://www.cac.edu.tw/CacLink/apply115/115Apply_sievE_Result_querY_615JG8Wgh9d/html_sieve_result_115_Zx57f1dW/Standard/report/pict/022.png
022212,國立高雄師範大學,音樂學系,無,中提琴,篩選級分,主修82.36,未收錄,官方篩選原圖確認，修正網站；音樂依主修分列,主修82.36,https://www.cac.edu.tw/CacLink/apply115/115Apply_sievE_Result_querY_615JG8Wgh9d/html_sieve_result_115_Zx57f1dW/Standard/report/pict/022.png
022212,國立高雄師範大學,音樂學系,無,大提琴,篩選級分,主修82.21,未收錄,官方篩選原圖確認，修正網站；音樂依主修分列,主修82.21,https://www.cac.edu.tw/CacLink/apply115/115Apply_sievE_Result_querY_615JG8Wgh9d/html_sieve_result_115_Zx57f1dW/Standard/report/pict/022.png
022212,國立高雄師範大學,音樂學系,無,低音提琴,篩選級分,主修82.71,未收錄,官方篩選原圖確認，修正網站；音樂依主修分列,主修82.71,https://www.cac.edu.tw/CacLink/apply115/115Apply_sievE_Result_querY_615JG8Wgh9d/html_sieve_result_115_Zx57f1dW/Standard/report/pict/022.png
022212,國立高雄師範大學,音樂學系,無,長號,篩選級分,主修81.89,未收錄,官方篩選原圖確認，修正網站；音樂依主修分列,主修81.89,https://www.cac.edu.tw/CacLink/apply115/115Apply_sievE_Result_querY_615JG8Wgh9d/html_sieve_result_115_Zx57f1dW/Standard/report/pict/022.png
022212,國立高雄師範大學,音樂學系,無,小號,篩選級分,主修76.22,未收錄,官方篩選原圖確認，修正網站；音樂依主修分列,主修76.22,https://www.cac.edu.tw/CacLink/apply115/115Apply_sievE_Result_querY_615JG8Wgh9d/html_sieve_result_115_Zx57f1dW/Standard/report/pict/022.png
022212,國立高雄師範大學,音樂學系,無,法國號,篩選級分,主修84.89,未收錄,官方篩選原圖確認，修正網站；音樂依主修分列,主修84.89,https://www.cac.edu.tw/CacLink/apply115/115Apply_sievE_Result_querY_615JG8Wgh9d/html_sieve_result_115_Zx57f1dW/Standard/report/pict/022.png
022212,國立高雄師範大學,音樂學系,無,上低音號,篩選級分,主修84.89,未收錄,官方篩選原圖確認，修正網站；音樂依主修分列,主修84.89,https://www.cac.edu.tw/CacLink/apply115/115Apply_sievE_Result_querY_615JG8Wgh9d/html_sieve_result_115_Zx57f1dW/Standard/report/pict/022.png
022212,國立高雄師範大學,音樂學系,無,低音號,篩選級分,主修85.22,未收錄,官方篩選原圖確認，修正網站；音樂依主修分列,主修85.22,https://www.cac.edu.tw/CacLink/apply115/115Apply_sievE_Result_querY_615JG8Wgh9d/html_sieve_result_115_Zx57f1dW/Standard/report/pict/022.png
022212,國立高雄師範大學,音樂學系,無,薩克斯管,篩選級分,主修83.33,未收錄,官方篩選原圖確認，修正網站；音樂依主修分列,主修83.33,https://www.cac.edu.tw/CacLink/apply115/115Apply_sievE_Result_querY_615JG8Wgh9d/html_sieve_result_115_Zx57f1dW/Standard/report/pict/022.png
022212,國立高雄師範大學,音樂學系,無,長笛,篩選級分,主修85.67,未收錄,官方篩選原圖確認，修正網站；音樂依主修分列,主修85.67,https://www.cac.edu.tw/CacLink/apply115/115Apply_sievE_Result_querY_615JG8Wgh9d/html_sieve_result_115_Zx57f1dW/Standard/report/pict/022.png
022212,國立高雄師範大學,音樂學系,無,單簧管(豎笛),篩選級分,主修84.78,未收錄,官方篩選原圖確認，修正網站；音樂依主修分列,主修84.78,https://www.cac.edu.tw/CacLink/apply115/115Apply_sievE_Result_querY_615JG8Wgh9d/html_sieve_result_115_Zx57f1dW/Standard/report/pict/022.png
022212,國立高雄師範大學,音樂學系,無,雙簧管,篩選級分,主修83.78,未收錄,官方篩選原圖確認，修正網站；音樂依主修分列,主修83.78,https://www.cac.edu.tw/CacLink/apply115/115Apply_sievE_Result_querY_615JG8Wgh9d/html_sieve_result_115_Zx57f1dW/Standard/report/pict/022.png
022212,國立高雄師範大學,音樂學系,無,低音管,篩選級分,主修85.89,未收錄,官方篩選原圖確認，修正網站；音樂依主修分列,主修85.89,https://www.cac.edu.tw/CacLink/apply115/115Apply_sievE_Result_querY_615JG8Wgh9d/html_sieve_result_115_Zx57f1dW/Standard/report/pict/022.png
022212,國立高雄師範大學,音樂學系,無,擊樂,篩選級分,主修86.8,未收錄,官方篩選原圖確認，修正網站；音樂依主修分列,主修86.8,https://www.cac.edu.tw/CacLink/apply115/115Apply_sievE_Result_querY_615JG8Wgh9d/html_sieve_result_115_Zx57f1dW/Standard/report/pict/022.png
022212,國立高雄師範大學,音樂學系,無,理論作曲,篩選級分,主修84.12,未收錄,官方篩選原圖確認，修正網站；音樂依主修分列,主修84.12,https://www.cac.edu.tw/CacLink/apply115/115Apply_sievE_Result_querY_615JG8Wgh9d/html_sieve_result_115_Zx57f1dW/Standard/report/pict/022.png
022222,國立高雄師範大學,美術學系,無,,篩選級分,素描39國英18,國文+英文18,官方篩選原圖確認，修正網站,素描39、國文+英文18,https://www.cac.edu.tw/CacLink/apply115/115Apply_sievE_Result_querY_615JG8Wgh9d/html_sieve_result_115_Zx57f1dW/Standard/report/pict/022.png
022232,國立高雄師範大學,視覺設計學系,無,,篩選級分,國英19(素描+彩繪技法+創意表現)174,國文+英文19,官方篩選原圖確認，修正網站,國文+英文19、創意表現+彩繪技法+素描174,https://www.cac.edu.tw/CacLink/apply115/115Apply_sievE_Result_querY_615JG8Wgh9d/html_sieve_result_115_Zx57f1dW/Standard/report/pict/022.png
022242,國立高雄師範大學,體育學系,無,,篩選級分,體育百分等級14.19(國文+英文+數學B)21,未收錄,官方篩選原圖確認，修正網站,體育百分等級14.19、國文+數B+英文21,https://www.cac.edu.tw/CacLink/apply115/115Apply_sievE_Result_querY_615JG8Wgh9d/html_sieve_result_115_Zx57f1dW/Standard/report/pict/022.png
023292,國立彰化師範大學,美術學系,無,,篩選級分,(素描+彩繪技法+創意表現)231國英社25,國文+英文+社會25,官方篩選原圖確認，修正網站,創意表現+彩繪技法+素描231、國文+社會+英文25,https://www.cac.edu.tw/CacLink/apply115/115Apply_sievE_Result_querY_615JG8Wgh9d/html_sieve_result_115_Zx57f1dW/Standard/report/pict/023.png
023302,國立彰化師範大學,運動學系(競技運動與表演藝術組),無,,篩選級分,國英5,未收錄,官方篩選原圖確認，修正網站,國文+英文5,https://www.cac.edu.tw/CacLink/apply115/115Apply_sievE_Result_querY_615JG8Wgh9d/html_sieve_result_115_Zx57f1dW/Standard/report/pict/023.png
023312,國立彰化師範大學,運動學系(運動健康組),無,,英聽檢定,,B級,官方分則確認網站正確，保留原值；PDF欄位需更正,國文+英文15、英文6,https://www.cac.edu.tw/CacLink/apply115/115Apply_sievE_Result_querY_615JG8Wgh9d/html_sieve_result_115_Zx57f1dW/Standard/report/pict/023.png
026252,中山醫學大學,醫學資訊學系(APCS組),無,,篩選級分,(APCS識讀+APCS實作)4(英文+數學A)12,英文+數A12,官方篩選原圖確認，修正網站,APCS實作+APCS識讀4、數A+英文12,https://www.cac.edu.tw/CacLink/apply115/115Apply_sievE_Result_querY_615JG8Wgh9d/html_sieve_result_115_Zx57f1dW/Standard/report/pict/026.png
027032,國立中山大學,劇場藝術學系(女),女,,篩選級分,國文10英文7,國文10、英文5,官方篩選原圖確認，修正網站,國文10、英文7,https://www.cac.edu.tw/CacLink/apply115/115Apply_sievE_Result_querY_615JG8Wgh9d/html_sieve_result_115_Zx57f1dW/Standard/report/pict/027.png
027152,國立中山大學,機械與機電工程學系,無,,篩選級分,英數A自34數學A11自然13,英文+數A+自然34、數A13、自然13,官方篩選原圖確認，修正網站,數A+自然+英文34、數A11、自然13,https://www.cac.edu.tw/CacLink/apply115/115Apply_sievE_Result_querY_615JG8Wgh9d/html_sieve_result_115_Zx57f1dW/Standard/report/pict/027.png
027442,國立中山大學,音樂學系,無,鋼琴,篩選級分,主修72.64,未收錄,官方篩選原圖確認，修正網站；音樂依主修分列,主修72.64,https://www.cac.edu.tw/CacLink/apply115/115Apply_sievE_Result_querY_615JG8Wgh9d/html_sieve_result_115_Zx57f1dW/Standard/report/pict/027.png
027442,國立中山大學,音樂學系,無,聲樂,篩選級分,主修86,未收錄,官方篩選原圖確認，修正網站；音樂依主修分列,主修86,https://www.cac.edu.tw/CacLink/apply115/115Apply_sievE_Result_querY_615JG8Wgh9d/html_sieve_result_115_Zx57f1dW/Standard/report/pict/027.png
027442,國立中山大學,音樂學系,無,小提琴,篩選級分,主修84,未收錄,官方篩選原圖確認，修正網站；音樂依主修分列,主修84,https://www.cac.edu.tw/CacLink/apply115/115Apply_sievE_Result_querY_615JG8Wgh9d/html_sieve_result_115_Zx57f1dW/Standard/report/pict/027.png
027442,國立中山大學,音樂學系,無,中提琴,篩選級分,主修80.57,未收錄,官方篩選原圖確認，修正網站；音樂依主修分列,主修80.57,https://www.cac.edu.tw/CacLink/apply115/115Apply_sievE_Result_querY_615JG8Wgh9d/html_sieve_result_115_Zx57f1dW/Standard/report/pict/027.png
027442,國立中山大學,音樂學系,無,大提琴,篩選級分,主修80.36,未收錄,官方篩選原圖確認，修正網站；音樂依主修分列,主修80.36,https://www.cac.edu.tw/CacLink/apply115/115Apply_sievE_Result_querY_615JG8Wgh9d/html_sieve_result_115_Zx57f1dW/Standard/report/pict/027.png
027442,國立中山大學,音樂學系,無,低音提琴,篩選級分,主修81.64,未收錄,官方篩選原圖確認，修正網站；音樂依主修分列,主修81.64,https://www.cac.edu.tw/CacLink/apply115/115Apply_sievE_Result_querY_615JG8Wgh9d/html_sieve_result_115_Zx57f1dW/Standard/report/pict/027.png
027442,國立中山大學,音樂學系,無,法國號,篩選級分,主修82.33,未收錄,官方篩選原圖確認，修正網站；音樂依主修分列,主修82.33,https://www.cac.edu.tw/CacLink/apply115/115Apply_sievE_Result_querY_615JG8Wgh9d/html_sieve_result_115_Zx57f1dW/Standard/report/pict/027.png
027442,國立中山大學,音樂學系,無,薩克斯管,篩選級分,主修83.33,未收錄,官方篩選原圖確認，修正網站；音樂依主修分列,主修83.33,https://www.cac.edu.tw/CacLink/apply115/115Apply_sievE_Result_querY_615JG8Wgh9d/html_sieve_result_115_Zx57f1dW/Standard/report/pict/027.png
027442,國立中山大學,音樂學系,無,長笛,篩選級分,主修84.56,未收錄,官方篩選原圖確認，修正網站；音樂依主修分列,主修84.56,https://www.cac.edu.tw/CacLink/apply115/115Apply_sievE_Result_querY_615JG8Wgh9d/html_sieve_result_115_Zx57f1dW/Standard/report/pict/027.png
027442,國立中山大學,音樂學系,無,單簧管(豎笛),篩選級分,主修78.11,未收錄,官方篩選原圖確認，修正網站；音樂依主修分列,主修78.11,https://www.cac.edu.tw/CacLink/apply115/115Apply_sievE_Result_querY_615JG8Wgh9d/html_sieve_result_115_Zx57f1dW/Standard/report/pict/027.png
027442,國立中山大學,音樂學系,無,雙簧管,篩選級分,主修84.56,未收錄,官方篩選原圖確認，修正網站；音樂依主修分列,主修84.56,https://www.cac.edu.tw/CacLink/apply115/115Apply_sievE_Result_querY_615JG8Wgh9d/html_sieve_result_115_Zx57f1dW/Standard/report/pict/027.png
027442,國立中山大學,音樂學系,無,低音管,篩選級分,主修85.89,未收錄,官方篩選原圖確認，修正網站；音樂依主修分列,主修85.89,https://www.cac.edu.tw/CacLink/apply115/115Apply_sievE_Result_querY_615JG8Wgh9d/html_sieve_result_115_Zx57f1dW/Standard/report/pict/027.png
027442,國立中山大學,音樂學系,無,擊樂,篩選級分,主修85.2,未收錄,官方篩選原圖確認，修正網站；音樂依主修分列,主修85.2,https://www.cac.edu.tw/CacLink/apply115/115Apply_sievE_Result_querY_615JG8Wgh9d/html_sieve_result_115_Zx57f1dW/Standard/report/pict/027.png
027452,國立中山大學,音樂學系創作與應用組,無,,篩選級分,樂理24,未收錄,官方篩選原圖確認，修正網站,樂理24,https://www.cac.edu.tw/CacLink/apply115/115Apply_sievE_Result_querY_615JG8Wgh9d/html_sieve_result_115_Zx57f1dW/Standard/report/pict/027.png
027142,國立中山大學,電機工程學系(APCS組),無,,篩選級分,英數A自37(APCS識讀+APCS實作)7,英文+數A+自然37,官方篩選原圖確認，修正網站,數A+自然+英文37、APCS實作+APCS識讀7,https://www.cac.edu.tw/CacLink/apply115/115Apply_sievE_Result_querY_615JG8Wgh9d/html_sieve_result_115_Zx57f1dW/Standard/report/pict/027.png
028022,國立臺北藝術大學,劇場設計學系,無,,篩選級分,英文9國文11,英文9、國文9,官方篩選原圖確認，修正網站,英文9、國文11,https://www.cac.edu.tw/CacLink/apply115/115Apply_sievE_Result_querY_615JG8Wgh9d/html_sieve_result_115_Zx57f1dW/Standard/report/pict/028.png
030242,長庚大學,工商管理學系(青年儲蓄帳戶組),無,,篩選級分,空白或--,英文+數B12、英文+國文20,官方篩選原圖確認，修正網站,官方未列分數,https://www.cac.edu.tw/CacLink/apply115/115Apply_sievE_Result_querY_615JG8Wgh9d/html_sieve_result_115_Zx57f1dW/Standard/report/pict/030.png
030262,長庚大學,工業設計學系(青年儲蓄帳戶組),無,,篩選級分,空白或--,英文+國文20,官方篩選原圖確認，修正網站,官方未列分數,https://www.cac.edu.tw/CacLink/apply115/115Apply_sievE_Result_querY_615JG8Wgh9d/html_sieve_result_115_Zx57f1dW/Standard/report/pict/030.png
031012,國立臺中教育大學,全校不分系學士學位學程,無,,篩選級分,國英21英文11,國文+英文21,官方篩選原圖確認，修正網站,國文+英文21、英文11,https://www.cac.edu.tw/CacLink/apply115/115Apply_sievE_Result_querY_615JG8Wgh9d/html_sieve_result_115_Zx57f1dW/Standard/report/pict/031.png
031132,國立臺中教育大學,臺灣語文學系（青年儲蓄帳戶組),無,,篩選級分,空白或--,社會+國文+英文12,官方篩選原圖確認，修正網站,官方未列分數,https://www.cac.edu.tw/CacLink/apply115/115Apply_sievE_Result_querY_615JG8Wgh9d/html_sieve_result_115_Zx57f1dW/Standard/report/pict/031.png
031192,國立臺中教育大學,數位內容科技學系（青年儲蓄帳戶組),無,,篩選級分,空白或--,國文+英文+數B28、國文+英文+數B24,官方篩選原圖確認，修正網站,官方未列分數,https://www.cac.edu.tw/CacLink/apply115/115Apply_sievE_Result_querY_615JG8Wgh9d/html_sieve_result_115_Zx57f1dW/Standard/report/pict/031.png
031202,國立臺中教育大學,國際企業學系,無,,篩選級分,國英數B24國文11英文11,國文+英文+數B24、國文11,官方篩選原圖確認，修正網站,國文+數B+英文24、國文11、英文11,https://www.cac.edu.tw/CacLink/apply115/115Apply_sievE_Result_querY_615JG8Wgh9d/html_sieve_result_115_Zx57f1dW/Standard/report/pict/031.png
031212,國立臺中教育大學,文化創意產業設計與營運學系,無,,篩選級分,國文10社會11英文8英社22,國文10、社會8、英文8、英文+社會22,官方篩選原圖確認，修正網站,國文10、社會11、英文8、社會+英文22,https://www.cac.edu.tw/CacLink/apply115/115Apply_sievE_Result_querY_615JG8Wgh9d/html_sieve_result_115_Zx57f1dW/Standard/report/pict/031.png
031222,國立臺中教育大學,音樂學系(A組),無,鋼琴,篩選級分,主修79.79,未收錄,官方篩選原圖確認，修正網站；音樂依主修分列,主修79.79,https://www.cac.edu.tw/CacLink/apply115/115Apply_sievE_Result_querY_615JG8Wgh9d/html_sieve_result_115_Zx57f1dW/Standard/report/pict/031.png
031222,國立臺中教育大學,音樂學系(A組),無,聲樂,篩選級分,主修85.71,未收錄,官方篩選原圖確認，修正網站；音樂依主修分列,主修85.71,https://www.cac.edu.tw/CacLink/apply115/115Apply_sievE_Result_querY_615JG8Wgh9d/html_sieve_result_115_Zx57f1dW/Standard/report/pict/031.png
031222,國立臺中教育大學,音樂學系(A組),無,小提琴,篩選級分,主修76.36,未收錄,官方篩選原圖確認，修正網站；音樂依主修分列,主修76.36,https://www.cac.edu.tw/CacLink/apply115/115Apply_sievE_Result_querY_615JG8Wgh9d/html_sieve_result_115_Zx57f1dW/Standard/report/pict/031.png
031222,國立臺中教育大學,音樂學系(A組),無,中提琴,篩選級分,主修80.5,未收錄,官方篩選原圖確認，修正網站；音樂依主修分列,主修80.5,https://www.cac.edu.tw/CacLink/apply115/115Apply_sievE_Result_querY_615JG8Wgh9d/html_sieve_result_115_Zx57f1dW/Standard/report/pict/031.png
031222,國立臺中教育大學,音樂學系(A組),無,大提琴,篩選級分,主修81.93,未收錄,官方篩選原圖確認，修正網站；音樂依主修分列,主修81.93,https://www.cac.edu.tw/CacLink/apply115/115Apply_sievE_Result_querY_615JG8Wgh9d/html_sieve_result_115_Zx57f1dW/Standard/report/pict/031.png
031222,國立臺中教育大學,音樂學系(A組),無,低音提琴,篩選級分,主修74.14,未收錄,官方篩選原圖確認，修正網站；音樂依主修分列,主修74.14,https://www.cac.edu.tw/CacLink/apply115/115Apply_sievE_Result_querY_615JG8Wgh9d/html_sieve_result_115_Zx57f1dW/Standard/report/pict/031.png
031222,國立臺中教育大學,音樂學系(A組),無,長號,篩選級分,主修82.44,未收錄,官方篩選原圖確認，修正網站；音樂依主修分列,主修82.44,https://www.cac.edu.tw/CacLink/apply115/115Apply_sievE_Result_querY_615JG8Wgh9d/html_sieve_result_115_Zx57f1dW/Standard/report/pict/031.png
031222,國立臺中教育大學,音樂學系(A組),無,小號,篩選級分,主修76.22,未收錄,官方篩選原圖確認，修正網站；音樂依主修分列,主修76.22,https://www.cac.edu.tw/CacLink/apply115/115Apply_sievE_Result_querY_615JG8Wgh9d/html_sieve_result_115_Zx57f1dW/Standard/report/pict/031.png
031222,國立臺中教育大學,音樂學系(A組),無,法國號,篩選級分,主修83.89,未收錄,官方篩選原圖確認，修正網站；音樂依主修分列,主修83.89,https://www.cac.edu.tw/CacLink/apply115/115Apply_sievE_Result_querY_615JG8Wgh9d/html_sieve_result_115_Zx57f1dW/Standard/report/pict/031.png
031222,國立臺中教育大學,音樂學系(A組),無,低音號,篩選級分,主修85.22,未收錄,官方篩選原圖確認，修正網站；音樂依主修分列,主修85.22,https://www.cac.edu.tw/CacLink/apply115/115Apply_sievE_Result_querY_615JG8Wgh9d/html_sieve_result_115_Zx57f1dW/Standard/report/pict/031.png
031222,國立臺中教育大學,音樂學系(A組),無,薩克斯管,篩選級分,主修83.33,未收錄,官方篩選原圖確認，修正網站；音樂依主修分列,主修83.33,https://www.cac.edu.tw/CacLink/apply115/115Apply_sievE_Result_querY_615JG8Wgh9d/html_sieve_result_115_Zx57f1dW/Standard/report/pict/031.png
031222,國立臺中教育大學,音樂學系(A組),無,長笛,篩選級分,主修85.56,未收錄,官方篩選原圖確認，修正網站；音樂依主修分列,主修85.56,https://www.cac.edu.tw/CacLink/apply115/115Apply_sievE_Result_querY_615JG8Wgh9d/html_sieve_result_115_Zx57f1dW/Standard/report/pict/031.png
031222,國立臺中教育大學,音樂學系(A組),無,單簧管(豎笛),篩選級分,主修78.11,未收錄,官方篩選原圖確認，修正網站；音樂依主修分列,主修78.11,https://www.cac.edu.tw/CacLink/apply115/115Apply_sievE_Result_querY_615JG8Wgh9d/html_sieve_result_115_Zx57f1dW/Standard/report/pict/031.png
031222,國立臺中教育大學,音樂學系(A組),無,擊樂,篩選級分,主修79.6,未收錄,官方篩選原圖確認，修正網站；音樂依主修分列,主修79.6,https://www.cac.edu.tw/CacLink/apply115/115Apply_sievE_Result_querY_615JG8Wgh9d/html_sieve_result_115_Zx57f1dW/Standard/report/pict/031.png
031242,國立臺中教育大學,美術學系,無,,篩選級分,國文9素描84,國文9,官方篩選原圖確認，修正網站,國文9、素描84,https://www.cac.edu.tw/CacLink/apply115/115Apply_sievE_Result_querY_615JG8Wgh9d/html_sieve_result_115_Zx57f1dW/Standard/report/pict/031.png
031252,國立臺中教育大學,體育學系運動專長組(男),男,,篩選級分,國文2,國文2、數B2,官方篩選原圖確認，修正網站,國文2,https://www.cac.edu.tw/CacLink/apply115/115Apply_sievE_Result_querY_615JG8Wgh9d/html_sieve_result_115_Zx57f1dW/Standard/report/pict/031.png
031252,國立臺中教育大學,體育學系運動專長組(女),女,,篩選級分,國文3數學B1,國文2、數B2,官方篩選原圖確認，修正網站,國文3、數B1,https://www.cac.edu.tw/CacLink/apply115/115Apply_sievE_Result_querY_615JG8Wgh9d/html_sieve_result_115_Zx57f1dW/Standard/report/pict/031.png
032042,國立臺北教育大學,教育經營與管理學系,無,,篩選級分,國文11(英文+數學B)18,國文1、英文+數B1,官方篩選原圖確認，修正網站,國文11、數B+英文18,https://www.cac.edu.tw/CacLink/apply115/115Apply_sievE_Result_querY_615JG8Wgh9d/html_sieve_result_115_Zx57f1dW/Standard/report/pict/032.png
032142,國立臺北教育大學,社會與區域發展學系(青年儲蓄帳戶組),無,,篩選級分,空白或--,英文+社會24,官方篩選原圖確認，修正網站,官方未列分數,https://www.cac.edu.tw/CacLink/apply115/115Apply_sievE_Result_querY_615JG8Wgh9d/html_sieve_result_115_Zx57f1dW/Standard/report/pict/032.png
032202,國立臺北教育大學,文化創意產業經營學系(青年儲蓄帳戶組),無,,篩選級分,空白或--,國文+英文+社會35,官方篩選原圖確認，修正網站,官方未列分數,https://www.cac.edu.tw/CacLink/apply115/115Apply_sievE_Result_querY_615JG8Wgh9d/html_sieve_result_115_Zx57f1dW/Standard/report/pict/032.png
032322,國立臺北教育大學,數位科技設計學系(APCS組),無,,篩選級分,(英文+數學B)15(APCS識讀+APCS實作)5,英文+數B15,官方篩選原圖確認，修正網站,數B+英文15、APCS實作+APCS識讀5,https://www.cac.edu.tw/CacLink/apply115/115Apply_sievE_Result_querY_615JG8Wgh9d/html_sieve_result_115_Zx57f1dW/Standard/report/pict/032.png
032342,國立臺北教育大學,藝術與造形設計學系藝術組,無,,篩選級分,(素描+彩繪技法+創意表現)198國英數B社30,國文+英文+數B+社會30,官方篩選原圖確認，修正網站,創意表現+彩繪技法+素描198、國文+數B+社會+英文30,https://www.cac.edu.tw/CacLink/apply115/115Apply_sievE_Result_querY_615JG8Wgh9d/html_sieve_result_115_Zx57f1dW/Standard/report/pict/032.png
033052,國立臺南大學,特殊教育學系(青年儲蓄帳戶組),無,,篩選級分,空白或--,國文+英文12、國文+英文20,官方篩選原圖確認，修正網站,官方未列分數,https://www.cac.edu.tw/CacLink/apply115/115Apply_sievE_Result_querY_615JG8Wgh9d/html_sieve_result_115_Zx57f1dW/Standard/report/pict/033.png
033222,國立臺南大學,戲劇創作與應用學系(女),女,,篩選級分,國英16,國文+英文15,官方篩選原圖確認，修正網站,國文+英文16,https://www.cac.edu.tw/CacLink/apply115/115Apply_sievE_Result_querY_615JG8Wgh9d/html_sieve_result_115_Zx57f1dW/Standard/report/pict/033.png
033172,國立臺南大學,資訊工程學系(APCS組),無,,篩選級分,(APCS識讀+APCS實作)5國英數A29,國文+英文+數A29,官方篩選原圖確認，修正網站,APCS實作+APCS識讀5、國文+數A+英文29,https://www.cac.edu.tw/CacLink/apply115/115Apply_sievE_Result_querY_615JG8Wgh9d/html_sieve_result_115_Zx57f1dW/Standard/report/pict/033.png
033252,國立臺南大學,音樂學系(A組),無,鋼琴,篩選級分,(國文+英文)7主修62.93,國文+英文7,官方篩選原圖確認，修正網站；音樂依主修分列,國文+英文7、主修62.93,https://www.cac.edu.tw/CacLink/apply115/115Apply_sievE_Result_querY_615JG8Wgh9d/html_sieve_result_115_Zx57f1dW/Standard/report/pict/033.png
033252,國立臺南大學,音樂學系(A組),無,聲樂,篩選級分,(國文+英文)7主修85.14,國文+英文7,官方篩選原圖確認，修正網站；音樂依主修分列,國文+英文7、主修85.14,https://www.cac.edu.tw/CacLink/apply115/115Apply_sievE_Result_querY_615JG8Wgh9d/html_sieve_result_115_Zx57f1dW/Standard/report/pict/033.png
033252,國立臺南大學,音樂學系(A組),無,小提琴,篩選級分,(國文+英文)7主修72.86,國文+英文7,官方篩選原圖確認，修正網站；音樂依主修分列,國文+英文7、主修72.86,https://www.cac.edu.tw/CacLink/apply115/115Apply_sievE_Result_querY_615JG8Wgh9d/html_sieve_result_115_Zx57f1dW/Standard/report/pict/033.png
033252,國立臺南大學,音樂學系(A組),無,小號,篩選級分,(國文+英文)7主修76.22,國文+英文7,官方篩選原圖確認，修正網站；音樂依主修分列,國文+英文7、主修76.22,https://www.cac.edu.tw/CacLink/apply115/115Apply_sievE_Result_querY_615JG8Wgh9d/html_sieve_result_115_Zx57f1dW/Standard/report/pict/033.png
033252,國立臺南大學,音樂學系(A組),無,法國號,篩選級分,(國文+英文)7主修86.67,國文+英文7,官方篩選原圖確認，修正網站；音樂依主修分列,國文+英文7、主修86.67,https://www.cac.edu.tw/CacLink/apply115/115Apply_sievE_Result_querY_615JG8Wgh9d/html_sieve_result_115_Zx57f1dW/Standard/report/pict/033.png
033252,國立臺南大學,音樂學系(A組),無,擊樂,篩選級分,(國文+英文)7主修79.6,國文+英文7,官方篩選原圖確認，修正網站；音樂依主修分列,國文+英文7、主修79.6,https://www.cac.edu.tw/CacLink/apply115/115Apply_sievE_Result_querY_615JG8Wgh9d/html_sieve_result_115_Zx57f1dW/Standard/report/pict/033.png
033272,國立臺南大學,視覺藝術與設計學系,無,,篩選級分,(國文+英文)11(彩繪技法+創意表現)111素描63,未收錄,官方篩選原圖確認，修正網站,國文+英文11、創意表現+彩繪技法111、素描63,https://www.cac.edu.tw/CacLink/apply115/115Apply_sievE_Result_querY_615JG8Wgh9d/html_sieve_result_115_Zx57f1dW/Standard/report/pict/033.png
034062,國立東華大學,生化暨分子醫學科學系,無,,篩選級分,(英文+自然)18,英文+自然1,官方篩選原圖確認，修正網站,自然+英文18,https://www.cac.edu.tw/CacLink/apply115/115Apply_sievE_Result_querY_615JG8Wgh9d/html_sieve_result_115_Zx57f1dW/Standard/report/pict/034.png
034132,國立東華大學,電機工程學系半導體組,無,,篩選級分,英數A自30自然11,英文+數A+自然30、自然1,官方篩選原圖確認，修正網站,數A+自然+英文30、自然11,https://www.cac.edu.tw/CacLink/apply115/115Apply_sievE_Result_querY_615JG8Wgh9d/html_sieve_result_115_Zx57f1dW/Standard/report/pict/034.png
034352,國立東華大學,經濟學系,無,,篩選級分,英數B11,英文+數B8,官方篩選原圖確認，修正網站,數B+英文11,https://www.cac.edu.tw/CacLink/apply115/115Apply_sievE_Result_querY_615JG8Wgh9d/html_sieve_result_115_Zx57f1dW/Standard/report/pict/034.png
034372,國立東華大學,社會學系,無,,篩選級分,國社16社會11,國文+社會16,官方篩選原圖確認，修正網站,國文+社會16、社會11,https://www.cac.edu.tw/CacLink/apply115/115Apply_sievE_Result_querY_615JG8Wgh9d/html_sieve_result_115_Zx57f1dW/Standard/report/pict/034.png
034512,國立東華大學,藝術與設計學系,無,,篩選級分,國文4素描51創意表現48,社會5、國文4,官方篩選原圖確認，修正網站,國文4、素描51、創意表現48,https://www.cac.edu.tw/CacLink/apply115/115Apply_sievE_Result_querY_615JG8Wgh9d/html_sieve_result_115_Zx57f1dW/Standard/report/pict/034.png
035102,臺北市立大學,地球環境暨生物資源學系,無,,篩選級分,國英自23自然11,國文+英文+自然23,官方篩選原圖確認，修正網站,國文+自然+英文23、自然11,https://www.cac.edu.tw/CacLink/apply115/115Apply_sievE_Result_querY_615JG8Wgh9d/html_sieve_result_115_Zx57f1dW/Standard/report/pict/035.png
035112,臺北市立大學,地球環境暨生物資源學系（青年儲蓄帳戶組）,無,,篩選級分,空白或--,國文+英文+自然23,官方篩選原圖確認，修正網站,官方未列分數,https://www.cac.edu.tw/CacLink/apply115/115Apply_sievE_Result_querY_615JG8Wgh9d/html_sieve_result_115_Zx57f1dW/Standard/report/pict/035.png
035172,臺北市立大學,資訊科學系（APCS組）,無,,篩選級分,英數A16數學A8(APCS識讀+APCS實作)6,英文+數A16、數A8,官方篩選原圖確認，修正網站,數A+英文16、數A8、APCS實作+APCS識讀6,https://www.cac.edu.tw/CacLink/apply115/115Apply_sievE_Result_querY_615JG8Wgh9d/html_sieve_result_115_Zx57f1dW/Standard/report/pict/035.png
035242,臺北市立大學,音樂學系,無,鋼琴,篩選級分,主修76.86,未收錄,官方篩選原圖確認，修正網站；音樂依主修分列,主修76.86,https://www.cac.edu.tw/CacLink/apply115/115Apply_sievE_Result_querY_615JG8Wgh9d/html_sieve_result_115_Zx57f1dW/Standard/report/pict/035.png
035242,臺北市立大學,音樂學系,無,聲樂,篩選級分,主修85.14,未收錄,官方篩選原圖確認，修正網站；音樂依主修分列,主修85.14,https://www.cac.edu.tw/CacLink/apply115/115Apply_sievE_Result_querY_615JG8Wgh9d/html_sieve_result_115_Zx57f1dW/Standard/report/pict/035.png
035242,臺北市立大學,音樂學系,無,小提琴,篩選級分,主修72.86,未收錄,官方篩選原圖確認，修正網站；音樂依主修分列,主修72.86,https://www.cac.edu.tw/CacLink/apply115/115Apply_sievE_Result_querY_615JG8Wgh9d/html_sieve_result_115_Zx57f1dW/Standard/report/pict/035.png
035242,臺北市立大學,音樂學系,無,中提琴,篩選級分,主修84.29,未收錄,官方篩選原圖確認，修正網站；音樂依主修分列,主修84.29,https://www.cac.edu.tw/CacLink/apply115/115Apply_sievE_Result_querY_615JG8Wgh9d/html_sieve_result_115_Zx57f1dW/Standard/report/pict/035.png
035242,臺北市立大學,音樂學系,無,大提琴,篩選級分,主修80.71,未收錄,官方篩選原圖確認，修正網站；音樂依主修分列,主修80.71,https://www.cac.edu.tw/CacLink/apply115/115Apply_sievE_Result_querY_615JG8Wgh9d/html_sieve_result_115_Zx57f1dW/Standard/report/pict/035.png
035242,臺北市立大學,音樂學系,無,低音提琴,篩選級分,主修85.21,未收錄,官方篩選原圖確認，修正網站；音樂依主修分列,主修85.21,https://www.cac.edu.tw/CacLink/apply115/115Apply_sievE_Result_querY_615JG8Wgh9d/html_sieve_result_115_Zx57f1dW/Standard/report/pict/035.png
035242,臺北市立大學,音樂學系,無,長號,篩選級分,主修83.56,未收錄,官方篩選原圖確認，修正網站；音樂依主修分列,主修83.56,https://www.cac.edu.tw/CacLink/apply115/115Apply_sievE_Result_querY_615JG8Wgh9d/html_sieve_result_115_Zx57f1dW/Standard/report/pict/035.png
035242,臺北市立大學,音樂學系,無,小號,篩選級分,主修83.33,未收錄,官方篩選原圖確認，修正網站；音樂依主修分列,主修83.33,https://www.cac.edu.tw/CacLink/apply115/115Apply_sievE_Result_querY_615JG8Wgh9d/html_sieve_result_115_Zx57f1dW/Standard/report/pict/035.png
035242,臺北市立大學,音樂學系,無,法國號,篩選級分,主修83.89,未收錄,官方篩選原圖確認，修正網站；音樂依主修分列,主修83.89,https://www.cac.edu.tw/CacLink/apply115/115Apply_sievE_Result_querY_615JG8Wgh9d/html_sieve_result_115_Zx57f1dW/Standard/report/pict/035.png
035242,臺北市立大學,音樂學系,無,薩克斯管,篩選級分,主修81.56,未收錄,官方篩選原圖確認，修正網站；音樂依主修分列,主修81.56,https://www.cac.edu.tw/CacLink/apply115/115Apply_sievE_Result_querY_615JG8Wgh9d/html_sieve_result_115_Zx57f1dW/Standard/report/pict/035.png
035242,臺北市立大學,音樂學系,無,長笛,篩選級分,主修77.78,未收錄,官方篩選原圖確認，修正網站；音樂依主修分列,主修77.78,https://www.cac.edu.tw/CacLink/apply115/115Apply_sievE_Result_querY_615JG8Wgh9d/html_sieve_result_115_Zx57f1dW/Standard/report/pict/035.png
035242,臺北市立大學,音樂學系,無,單簧管(豎笛),篩選級分,主修83.56,未收錄,官方篩選原圖確認，修正網站；音樂依主修分列,主修83.56,https://www.cac.edu.tw/CacLink/apply115/115Apply_sievE_Result_querY_615JG8Wgh9d/html_sieve_result_115_Zx57f1dW/Standard/report/pict/035.png
035242,臺北市立大學,音樂學系,無,雙簧管,篩選級分,主修83.78,未收錄,官方篩選原圖確認，修正網站；音樂依主修分列,主修83.78,https://www.cac.edu.tw/CacLink/apply115/115Apply_sievE_Result_querY_615JG8Wgh9d/html_sieve_result_115_Zx57f1dW/Standard/report/pict/035.png
035242,臺北市立大學,音樂學系,無,低音管,篩選級分,主修76.22,未收錄,官方篩選原圖確認，修正網站；音樂依主修分列,主修76.22,https://www.cac.edu.tw/CacLink/apply115/115Apply_sievE_Result_querY_615JG8Wgh9d/html_sieve_result_115_Zx57f1dW/Standard/report/pict/035.png
035242,臺北市立大學,音樂學系,無,擊樂,篩選級分,主修87.4,未收錄,官方篩選原圖確認，修正網站；音樂依主修分列,主修87.4,https://www.cac.edu.tw/CacLink/apply115/115Apply_sievE_Result_querY_615JG8Wgh9d/html_sieve_result_115_Zx57f1dW/Standard/report/pict/035.png
035242,臺北市立大學,音樂學系,無,理論作曲,篩選級分,主修68.4,未收錄,官方篩選原圖確認，修正網站；音樂依主修分列,主修68.4,https://www.cac.edu.tw/CacLink/apply115/115Apply_sievE_Result_querY_615JG8Wgh9d/html_sieve_result_115_Zx57f1dW/Standard/report/pict/035.png
035252,臺北市立大學,視覺藝術學系,無,,篩選級分,國文10英文5(素描+彩繪技法+創意表現)222,國文10、英文5,官方篩選原圖確認，修正網站,國文10、英文5、創意表現+彩繪技法+素描222,https://www.cac.edu.tw/CacLink/apply115/115Apply_sievE_Result_querY_615JG8Wgh9d/html_sieve_result_115_Zx57f1dW/Standard/report/pict/035.png
035262,臺北市立大學,體育學系,無,,篩選級分,國英10體育百分等級73.08,國文+英文10,官方篩選原圖確認，修正網站,國文+英文10、體育百分等級73.08,https://www.cac.edu.tw/CacLink/apply115/115Apply_sievE_Result_querY_615JG8Wgh9d/html_sieve_result_115_Zx57f1dW/Standard/report/pict/035.png
036082,國立屏東大學,中國語文學系(青年儲蓄帳戶組),無,,篩選級分,空白或--,國文+英文+社會29,官方篩選原圖確認，修正網站,官方未列分數,https://www.cac.edu.tw/CacLink/apply115/115Apply_sievE_Result_querY_615JG8Wgh9d/html_sieve_result_115_Zx57f1dW/Standard/report/pict/036.png
036282,國立屏東大學,科學傳播學系(青年儲蓄帳戶組),無,,篩選級分,空白或--,英文+自然14,官方篩選原圖確認，修正網站,官方未列分數,https://www.cac.edu.tw/CacLink/apply115/115Apply_sievE_Result_querY_615JG8Wgh9d/html_sieve_result_115_Zx57f1dW/Standard/report/pict/036.png
036342,國立屏東大學,電腦與通訊學系,無,,篩選級分,國英數A21(英文+數學A)13國文11,國文+英文+數A21、英文+數A13,官方篩選原圖確認，修正網站,國文+數A+英文21、數A+英文13、國文11,https://www.cac.edu.tw/CacLink/apply115/115Apply_sievE_Result_querY_615JG8Wgh9d/html_sieve_result_115_Zx57f1dW/Standard/report/pict/036.png
036362,國立屏東大學,音樂學系A組,無,鋼琴,篩選級分,主修62.93,未收錄,官方篩選原圖確認，修正網站；音樂依主修分列,主修62.93,https://www.cac.edu.tw/CacLink/apply115/115Apply_sievE_Result_querY_615JG8Wgh9d/html_sieve_result_115_Zx57f1dW/Standard/report/pict/036.png
036362,國立屏東大學,音樂學系A組,無,小提琴,篩選級分,主修72.86,未收錄,官方篩選原圖確認，修正網站；音樂依主修分列,主修72.86,https://www.cac.edu.tw/CacLink/apply115/115Apply_sievE_Result_querY_615JG8Wgh9d/html_sieve_result_115_Zx57f1dW/Standard/report/pict/036.png
036362,國立屏東大學,音樂學系A組,無,大提琴,篩選級分,主修79.36,未收錄,官方篩選原圖確認，修正網站；音樂依主修分列,主修79.36,https://www.cac.edu.tw/CacLink/apply115/115Apply_sievE_Result_querY_615JG8Wgh9d/html_sieve_result_115_Zx57f1dW/Standard/report/pict/036.png
036362,國立屏東大學,音樂學系A組,無,長笛,篩選級分,主修80.44,未收錄,官方篩選原圖確認，修正網站；音樂依主修分列,主修80.44,https://www.cac.edu.tw/CacLink/apply115/115Apply_sievE_Result_querY_615JG8Wgh9d/html_sieve_result_115_Zx57f1dW/Standard/report/pict/036.png
036382,國立屏東大學,視覺藝術學系美術組,無,,篩選級分,國文9英文2(素描+彩繪技法)126,國文9、英文2,官方篩選原圖確認，修正網站,國文9、英文2、彩繪技法+素描126,https://www.cac.edu.tw/CacLink/apply115/115Apply_sievE_Result_querY_615JG8Wgh9d/html_sieve_result_115_Zx57f1dW/Standard/report/pict/036.png
038192,國立臺東大學,音樂學系(A組),無,鋼琴,篩選級分,國文9主修75.64,國文9,官方篩選原圖確認，修正網站；音樂依主修分列,國文9、主修75.64,https://www.cac.edu.tw/CacLink/apply115/115Apply_sievE_Result_querY_615JG8Wgh9d/html_sieve_result_115_Zx57f1dW/Standard/report/pict/038.png
038212,國立臺東大學,數位媒體與文教產業學系(創作組),無,,英文檢定,,底標,官方分則確認網站正確，保留原值；PDF欄位需更正,英文3,https://www.cac.edu.tw/CacLink/apply115/115Apply_sievE_Result_querY_615JG8Wgh9d/html_sieve_result_115_Zx57f1dW/Standard/report/pict/038.png
038222,國立臺東大學,美術產業學系,無,,篩選級分,國文3(素描+創意表現)60,國文3,官方篩選原圖確認，修正網站,國文3、創意表現+素描60,https://www.cac.edu.tw/CacLink/apply115/115Apply_sievE_Result_querY_615JG8Wgh9d/html_sieve_result_115_Zx57f1dW/Standard/report/pict/038.png
039032,國立體育大學,休閒產業經營學系(青年儲蓄帳戶組),無,,篩選級分,空白或--,國文+英文+自然30,官方篩選原圖確認，修正網站,官方未列分數,https://www.cac.edu.tw/CacLink/apply115/115Apply_sievE_Result_querY_615JG8Wgh9d/html_sieve_result_115_Zx57f1dW/Standard/report/pict/039.png
039072,國立體育大學,體育推廣學系,無,,國文檢定,,後標,官方分則確認網站正確，保留原值；PDF欄位需更正,國文+英文+社會28,https://www.cac.edu.tw/CacLink/apply115/115Apply_sievE_Result_querY_615JG8Wgh9d/html_sieve_result_115_Zx57f1dW/Standard/report/pict/039.png
040182,元智大學,資訊工程學系(APCS組),無,,篩選級分,APCS識讀2APCS實作2英數A16,英文+數A16,官方篩選原圖確認，修正網站,APCS識讀2、APCS實作2、數A+英文16,https://www.cac.edu.tw/CacLink/apply115/115Apply_sievE_Result_querY_615JG8Wgh9d/html_sieve_result_115_Zx57f1dW/Standard/report/pict/040.png
040292,元智大學,藝術與設計學系(藝術與設計組),無,,篩選級分,(國文+英文)6(素描+創意表現)105,國文+英文6,官方篩選原圖確認，修正網站,國文+英文6、創意表現+素描105,https://www.cac.edu.tw/CacLink/apply115/115Apply_sievE_Result_querY_615JG8Wgh9d/html_sieve_result_115_Zx57f1dW/Standard/report/pict/040.png
040302,元智大學,資訊傳播學系(數位媒體設計_美術組),無,,篩選級分,英文2國文9(素描+創意表現)72,英文2、國文9,官方篩選原圖確認，修正網站,英文2、國文9、創意表現+素描72,https://www.cac.edu.tw/CacLink/apply115/115Apply_sievE_Result_querY_615JG8Wgh9d/html_sieve_result_115_Zx57f1dW/Standard/report/pict/040.png
041402,國立中正大學,嘉星招生庚組(教),無,,篩選級分,社會10(國文+英文)21國英數B社38,社會10、國文+英文21、國文+英文+數B+社會3,官方篩選原圖確認，修正網站,社會10、國文+英文21、國文+數B+社會+英文38,https://www.cac.edu.tw/CacLink/apply115/115Apply_sievE_Result_querY_615JG8Wgh9d/html_sieve_result_115_Zx57f1dW/Standard/report/pict/041.png
042012,大葉大學,機械與自動化工程學系(智慧車輛與綠能科技組),無,,篩選級分,(國文+數學A)11,未收錄,官方篩選原圖確認，修正網站,國文+數A11,https://www.cac.edu.tw/CacLink/apply115/115Apply_sievE_Result_querY_615JG8Wgh9d/html_sieve_result_115_Zx57f1dW/Standard/report/pict/042.png
042122,大葉大學,環境與安全工程學系(青年儲蓄帳戶組),無,,篩選級分,空白或--,國文+英文7、國文+英文10,官方篩選原圖確認，修正網站,官方未列分數,https://www.cac.edu.tw/CacLink/apply115/115Apply_sievE_Result_querY_615JG8Wgh9d/html_sieve_result_115_Zx57f1dW/Standard/report/pict/042.png
042152,大葉大學,會計與資訊管理學系(青年儲蓄帳戶組),無,,篩選級分,空白或--,國文+英文9,官方篩選原圖確認，修正網站,官方未列分數,https://www.cac.edu.tw/CacLink/apply115/115Apply_sievE_Result_querY_615JG8Wgh9d/html_sieve_result_115_Zx57f1dW/Standard/report/pict/042.png
042282,大葉大學,餐旅管理學系,無,,篩選級分,國文7國社15,國文7、社會15、國文+社會15,官方篩選原圖確認，修正網站,國文7、國文+社會15,https://www.cac.edu.tw/CacLink/apply115/115Apply_sievE_Result_querY_615JG8Wgh9d/html_sieve_result_115_Zx57f1dW/Standard/report/pict/042.png
042292,大葉大學,餐旅管理學系(青年儲蓄帳戶組),無,,篩選級分,空白或--,國文+社會13,官方篩選原圖確認，修正網站,官方未列分數,https://www.cac.edu.tw/CacLink/apply115/115Apply_sievE_Result_querY_615JG8Wgh9d/html_sieve_result_115_Zx57f1dW/Standard/report/pict/042.png
042312,大葉大學,烘焙暨飲料調製學士學位學程(青年儲蓄帳戶組),無,,篩選級分,空白或--,國文+社會+英文13、國文+社會13,官方篩選原圖確認，修正網站,官方未列分數,https://www.cac.edu.tw/CacLink/apply115/115Apply_sievE_Result_querY_615JG8Wgh9d/html_sieve_result_115_Zx57f1dW/Standard/report/pict/042.png
042092,大葉大學,資訊工程學系(APCS組),無,,篩選級分,空白或--,數A6,官方篩選原圖確認，修正網站,官方未列分數,https://www.cac.edu.tw/CacLink/apply115/115Apply_sievE_Result_querY_615JG8Wgh9d/html_sieve_result_115_Zx57f1dW/Standard/report/pict/042.png
042452,大葉大學,空間設計學系建築組,無,,篩選級分,國文2,社會2、國文2,官方篩選原圖確認，修正網站,國文2,https://www.cac.edu.tw/CacLink/apply115/115Apply_sievE_Result_querY_615JG8Wgh9d/html_sieve_result_115_Zx57f1dW/Standard/report/pict/042.png
042472,大葉大學,空間設計學系室內設計組,無,,篩選級分,國文2,社會2、國文2,官方篩選原圖確認，修正網站,國文2,https://www.cac.edu.tw/CacLink/apply115/115Apply_sievE_Result_querY_615JG8Wgh9d/html_sieve_result_115_Zx57f1dW/Standard/report/pict/042.png
044112,華梵大學,美術與文創學系美術創作組,無,,篩選級分,素描39,未收錄,官方篩選原圖確認，修正網站,素描39,https://www.cac.edu.tw/CacLink/apply115/115Apply_sievE_Result_querY_615JG8Wgh9d/html_sieve_result_115_Zx57f1dW/Standard/report/pict/044.png
046492,銘傳大學,智慧醫療與永續管理學系健康永續管理組（桃園校區）,無,,篩選級分,國社11社會8,國文+社會8、社會8,官方篩選原圖確認，修正網站,國文+社會11、社會8,https://www.cac.edu.tw/CacLink/apply115/115Apply_sievE_Result_querY_615JG8Wgh9d/html_sieve_result_115_Zx57f1dW/Standard/report/pict/046.png
046512,銘傳大學,生物科技學系智慧應用生技組（桃園校區）,無,,篩選級分,國自11自然7,國文+自然7、自然7,官方篩選原圖確認，修正網站,國文+自然11、自然7,https://www.cac.edu.tw/CacLink/apply115/115Apply_sievE_Result_querY_615JG8Wgh9d/html_sieve_result_115_Zx57f1dW/Standard/report/pict/046.png
050292,實踐大學,企業管理學系(青年儲蓄帳戶組)(臺北校區),無,,篩選級分,空白或--,社會10,官方篩選原圖確認，修正網站,官方未列分數,https://www.cac.edu.tw/CacLink/apply115/115Apply_sievE_Result_querY_615JG8Wgh9d/html_sieve_result_115_Zx57f1dW/Standard/report/pict/050.png
050382,實踐大學,資訊科技與管理學系(APCS組)(臺北校區),無,,篩選級分,國英12APCS識讀2,國文+英文12,官方篩選原圖確認，修正網站,國文+英文12、APCS識讀2,https://www.cac.edu.tw/CacLink/apply115/115Apply_sievE_Result_querY_615JG8Wgh9d/html_sieve_result_115_Zx57f1dW/Standard/report/pict/050.png
050752,實踐大學,音樂學系(臺北校區),無,鋼琴,篩選級分,主修60.43,未收錄,官方篩選原圖確認，修正網站；音樂依主修分列,主修60.43,https://www.cac.edu.tw/CacLink/apply115/115Apply_sievE_Result_querY_615JG8Wgh9d/html_sieve_result_115_Zx57f1dW/Standard/report/pict/050.png
050752,實踐大學,音樂學系(臺北校區),無,聲樂,篩選級分,主修77.71,未收錄,官方篩選原圖確認，修正網站；音樂依主修分列,主修77.71,https://www.cac.edu.tw/CacLink/apply115/115Apply_sievE_Result_querY_615JG8Wgh9d/html_sieve_result_115_Zx57f1dW/Standard/report/pict/050.png
050752,實踐大學,音樂學系(臺北校區),無,小提琴,篩選級分,主修72.21,未收錄,官方篩選原圖確認，修正網站；音樂依主修分列,主修72.21,https://www.cac.edu.tw/CacLink/apply115/115Apply_sievE_Result_querY_615JG8Wgh9d/html_sieve_result_115_Zx57f1dW/Standard/report/pict/050.png
050752,實踐大學,音樂學系(臺北校區),無,中提琴,篩選級分,主修80.5,未收錄,官方篩選原圖確認，修正網站；音樂依主修分列,主修80.5,https://www.cac.edu.tw/CacLink/apply115/115Apply_sievE_Result_querY_615JG8Wgh9d/html_sieve_result_115_Zx57f1dW/Standard/report/pict/050.png
050752,實踐大學,音樂學系(臺北校區),無,大提琴,篩選級分,主修71.43,未收錄,官方篩選原圖確認，修正網站；音樂依主修分列,主修71.43,https://www.cac.edu.tw/CacLink/apply115/115Apply_sievE_Result_querY_615JG8Wgh9d/html_sieve_result_115_Zx57f1dW/Standard/report/pict/050.png
050752,實踐大學,音樂學系(臺北校區),無,長號,篩選級分,主修82.44,未收錄,官方篩選原圖確認，修正網站；音樂依主修分列,主修82.44,https://www.cac.edu.tw/CacLink/apply115/115Apply_sievE_Result_querY_615JG8Wgh9d/html_sieve_result_115_Zx57f1dW/Standard/report/pict/050.png
050752,實踐大學,音樂學系(臺北校區),無,小號,篩選級分,主修82.11,未收錄,官方篩選原圖確認，修正網站；音樂依主修分列,主修82.11,https://www.cac.edu.tw/CacLink/apply115/115Apply_sievE_Result_querY_615JG8Wgh9d/html_sieve_result_115_Zx57f1dW/Standard/report/pict/050.png
050752,實踐大學,音樂學系(臺北校區),無,上低音號,篩選級分,主修84.89,未收錄,官方篩選原圖確認，修正網站；音樂依主修分列,主修84.89,https://www.cac.edu.tw/CacLink/apply115/115Apply_sievE_Result_querY_615JG8Wgh9d/html_sieve_result_115_Zx57f1dW/Standard/report/pict/050.png
050752,實踐大學,音樂學系(臺北校區),無,低音號,篩選級分,主修82,未收錄,官方篩選原圖確認，修正網站；音樂依主修分列,主修82,https://www.cac.edu.tw/CacLink/apply115/115Apply_sievE_Result_querY_615JG8Wgh9d/html_sieve_result_115_Zx57f1dW/Standard/report/pict/050.png
050752,實踐大學,音樂學系(臺北校區),無,薩克斯管,篩選級分,主修81.56,未收錄,官方篩選原圖確認，修正網站；音樂依主修分列,主修81.56,https://www.cac.edu.tw/CacLink/apply115/115Apply_sievE_Result_querY_615JG8Wgh9d/html_sieve_result_115_Zx57f1dW/Standard/report/pict/050.png
050752,實踐大學,音樂學系(臺北校區),無,長笛,篩選級分,主修80.44,未收錄,官方篩選原圖確認，修正網站；音樂依主修分列,主修80.44,https://www.cac.edu.tw/CacLink/apply115/115Apply_sievE_Result_querY_615JG8Wgh9d/html_sieve_result_115_Zx57f1dW/Standard/report/pict/050.png
050752,實踐大學,音樂學系(臺北校區),無,單簧管(豎笛),篩選級分,主修82.56,未收錄,官方篩選原圖確認，修正網站；音樂依主修分列,主修82.56,https://www.cac.edu.tw/CacLink/apply115/115Apply_sievE_Result_querY_615JG8Wgh9d/html_sieve_result_115_Zx57f1dW/Standard/report/pict/050.png
050752,實踐大學,音樂學系(臺北校區),無,擊樂,篩選級分,主修79.6,未收錄,官方篩選原圖確認，修正網站；音樂依主修分列,主修79.6,https://www.cac.edu.tw/CacLink/apply115/115Apply_sievE_Result_querY_615JG8Wgh9d/html_sieve_result_115_Zx57f1dW/Standard/report/pict/050.png
050762,實踐大學,音樂學系Ｂ組(臺北校區),無,,國文檢定,,底標,官方分則確認網站正確，保留原值；PDF欄位需更正,國文9,https://www.cac.edu.tw/CacLink/apply115/115Apply_sievE_Result_querY_615JG8Wgh9d/html_sieve_result_115_Zx57f1dW/Standard/report/pict/050.png
051572,長榮大學,美術學系應用藝術組,無,,篩選級分,國文4素描39,國文4,官方篩選原圖確認，修正網站,國文4、素描39,https://www.cac.edu.tw/CacLink/apply115/115Apply_sievE_Result_querY_615JG8Wgh9d/html_sieve_result_115_Zx57f1dW/Standard/report/pict/051.png
051582,長榮大學,書畫藝術學系甲組,無,,篩選級分,國文5素描45,國文5,官方篩選原圖確認，修正網站,國文5、素描45,https://www.cac.edu.tw/CacLink/apply115/115Apply_sievE_Result_querY_615JG8Wgh9d/html_sieve_result_115_Zx57f1dW/Standard/report/pict/051.png
056042,國立臺灣藝術大學,戲劇學系(男),男,,篩選級分,(國文+英文+社會)23,國文+英文+社會9,官方篩選原圖確認，修正網站,國文+社會+英文23,https://www.cac.edu.tw/CacLink/apply115/115Apply_sievE_Result_querY_615JG8Wgh9d/html_sieve_result_115_Zx57f1dW/Standard/report/pict/056.png
056042,國立臺灣藝術大學,戲劇學系(女),女,,篩選級分,(國文+英文+社會)30,國文+英文+社會9,官方篩選原圖確認，修正網站,國文+社會+英文30,https://www.cac.edu.tw/CacLink/apply115/115Apply_sievE_Result_querY_615JG8Wgh9d/html_sieve_result_115_Zx57f1dW/Standard/report/pict/056.png
056052,國立臺灣藝術大學,音樂學系,無,鋼琴,篩選級分,主修60.43,未收錄,官方篩選原圖確認，修正網站；音樂依主修分列,主修60.43,https://www.cac.edu.tw/CacLink/apply115/115Apply_sievE_Result_querY_615JG8Wgh9d/html_sieve_result_115_Zx57f1dW/Standard/report/pict/056.png
056052,國立臺灣藝術大學,音樂學系,無,聲樂,篩選級分,主修84.43,未收錄,官方篩選原圖確認，修正網站；音樂依主修分列,主修84.43,https://www.cac.edu.tw/CacLink/apply115/115Apply_sievE_Result_querY_615JG8Wgh9d/html_sieve_result_115_Zx57f1dW/Standard/report/pict/056.png
056052,國立臺灣藝術大學,音樂學系,無,小提琴,篩選級分,主修72.86,未收錄,官方篩選原圖確認，修正網站；音樂依主修分列,主修72.86,https://www.cac.edu.tw/CacLink/apply115/115Apply_sievE_Result_querY_615JG8Wgh9d/html_sieve_result_115_Zx57f1dW/Standard/report/pict/056.png
056052,國立臺灣藝術大學,音樂學系,無,中提琴,篩選級分,主修80.5,未收錄,官方篩選原圖確認，修正網站；音樂依主修分列,主修80.5,https://www.cac.edu.tw/CacLink/apply115/115Apply_sievE_Result_querY_615JG8Wgh9d/html_sieve_result_115_Zx57f1dW/Standard/report/pict/056.png
056052,國立臺灣藝術大學,音樂學系,無,大提琴,篩選級分,主修84.57,未收錄,官方篩選原圖確認，修正網站；音樂依主修分列,主修84.57,https://www.cac.edu.tw/CacLink/apply115/115Apply_sievE_Result_querY_615JG8Wgh9d/html_sieve_result_115_Zx57f1dW/Standard/report/pict/056.png
056052,國立臺灣藝術大學,音樂學系,無,低音提琴,篩選級分,主修83.07,未收錄,官方篩選原圖確認，修正網站；音樂依主修分列,主修83.07,https://www.cac.edu.tw/CacLink/apply115/115Apply_sievE_Result_querY_615JG8Wgh9d/html_sieve_result_115_Zx57f1dW/Standard/report/pict/056.png
056052,國立臺灣藝術大學,音樂學系,無,豎琴,篩選級分,主修87.8,未收錄,官方篩選原圖確認，修正網站；音樂依主修分列,主修87.8,https://www.cac.edu.tw/CacLink/apply115/115Apply_sievE_Result_querY_615JG8Wgh9d/html_sieve_result_115_Zx57f1dW/Standard/report/pict/056.png
056052,國立臺灣藝術大學,音樂學系,無,古典吉他,篩選級分,主修86.8,未收錄,官方篩選原圖確認，修正網站；音樂依主修分列,主修86.8,https://www.cac.edu.tw/CacLink/apply115/115Apply_sievE_Result_querY_615JG8Wgh9d/html_sieve_result_115_Zx57f1dW/Standard/report/pict/056.png
056052,國立臺灣藝術大學,音樂學系,無,長號,篩選級分,主修81.89,未收錄,官方篩選原圖確認，修正網站；音樂依主修分列,主修81.89,https://www.cac.edu.tw/CacLink/apply115/115Apply_sievE_Result_querY_615JG8Wgh9d/html_sieve_result_115_Zx57f1dW/Standard/report/pict/056.png
056052,國立臺灣藝術大學,音樂學系,無,小號,篩選級分,主修76.22,未收錄,官方篩選原圖確認，修正網站；音樂依主修分列,主修76.22,https://www.cac.edu.tw/CacLink/apply115/115Apply_sievE_Result_querY_615JG8Wgh9d/html_sieve_result_115_Zx57f1dW/Standard/report/pict/056.png
056052,國立臺灣藝術大學,音樂學系,無,法國號,篩選級分,主修83.89,未收錄,官方篩選原圖確認，修正網站；音樂依主修分列,主修83.89,https://www.cac.edu.tw/CacLink/apply115/115Apply_sievE_Result_querY_615JG8Wgh9d/html_sieve_result_115_Zx57f1dW/Standard/report/pict/056.png
056052,國立臺灣藝術大學,音樂學系,無,上低音號,篩選級分,主修86,未收錄,官方篩選原圖確認，修正網站；音樂依主修分列,主修86,https://www.cac.edu.tw/CacLink/apply115/115Apply_sievE_Result_querY_615JG8Wgh9d/html_sieve_result_115_Zx57f1dW/Standard/report/pict/056.png
056052,國立臺灣藝術大學,音樂學系,無,低音號,篩選級分,主修85.78,未收錄,官方篩選原圖確認，修正網站；音樂依主修分列,主修85.78,https://www.cac.edu.tw/CacLink/apply115/115Apply_sievE_Result_querY_615JG8Wgh9d/html_sieve_result_115_Zx57f1dW/Standard/report/pict/056.png
056052,國立臺灣藝術大學,音樂學系,無,薩克斯管,篩選級分,主修81.56,未收錄,官方篩選原圖確認，修正網站；音樂依主修分列,主修81.56,https://www.cac.edu.tw/CacLink/apply115/115Apply_sievE_Result_querY_615JG8Wgh9d/html_sieve_result_115_Zx57f1dW/Standard/report/pict/056.png
056052,國立臺灣藝術大學,音樂學系,無,長笛,篩選級分,主修86.56,未收錄,官方篩選原圖確認，修正網站；音樂依主修分列,主修86.56,https://www.cac.edu.tw/CacLink/apply115/115Apply_sievE_Result_querY_615JG8Wgh9d/html_sieve_result_115_Zx57f1dW/Standard/report/pict/056.png
056052,國立臺灣藝術大學,音樂學系,無,單簧管(豎笛),篩選級分,主修83.56,未收錄,官方篩選原圖確認，修正網站；音樂依主修分列,主修83.56,https://www.cac.edu.tw/CacLink/apply115/115Apply_sievE_Result_querY_615JG8Wgh9d/html_sieve_result_115_Zx57f1dW/Standard/report/pict/056.png
056052,國立臺灣藝術大學,音樂學系,無,雙簧管,篩選級分,主修83.78,未收錄,官方篩選原圖確認，修正網站；音樂依主修分列,主修83.78,https://www.cac.edu.tw/CacLink/apply115/115Apply_sievE_Result_querY_615JG8Wgh9d/html_sieve_result_115_Zx57f1dW/Standard/report/pict/056.png
056052,國立臺灣藝術大學,音樂學系,無,低音管,篩選級分,主修76.22,未收錄,官方篩選原圖確認，修正網站；音樂依主修分列,主修76.22,https://www.cac.edu.tw/CacLink/apply115/115Apply_sievE_Result_querY_615JG8Wgh9d/html_sieve_result_115_Zx57f1dW/Standard/report/pict/056.png
056052,國立臺灣藝術大學,音樂學系,無,擊樂,篩選級分,主修85,未收錄,官方篩選原圖確認，修正網站；音樂依主修分列,主修85,https://www.cac.edu.tw/CacLink/apply115/115Apply_sievE_Result_querY_615JG8Wgh9d/html_sieve_result_115_Zx57f1dW/Standard/report/pict/056.png
056052,國立臺灣藝術大學,音樂學系,無,理論作曲,篩選級分,主修68.4,未收錄,官方篩選原圖確認，修正網站；音樂依主修分列,主修68.4,https://www.cac.edu.tw/CacLink/apply115/115Apply_sievE_Result_querY_615JG8Wgh9d/html_sieve_result_115_Zx57f1dW/Standard/report/pict/056.png
056072,國立臺灣藝術大學,中國音樂學系聲樂組,無,,篩選級分,(副修+樂理+視唱+聽寫)196.91,未收錄,官方篩選原圖確認，修正網站,副修+樂理+聽寫+視唱196.91,https://www.cac.edu.tw/CacLink/apply115/115Apply_sievE_Result_querY_615JG8Wgh9d/html_sieve_result_115_Zx57f1dW/Standard/report/pict/056.png
056082,國立臺灣藝術大學,中國音樂學系管樂組,無,,篩選級分,(副修+樂理+視唱+聽寫)202.91,未收錄,官方篩選原圖確認，修正網站,副修+樂理+聽寫+視唱202.91,https://www.cac.edu.tw/CacLink/apply115/115Apply_sievE_Result_querY_615JG8Wgh9d/html_sieve_result_115_Zx57f1dW/Standard/report/pict/056.png
056092,國立臺灣藝術大學,中國音樂學系彈弦組,無,,篩選級分,(副修+樂理+視唱+聽寫)160.23,未收錄,官方篩選原圖確認，修正網站,副修+樂理+聽寫+視唱160.23,https://www.cac.edu.tw/CacLink/apply115/115Apply_sievE_Result_querY_615JG8Wgh9d/html_sieve_result_115_Zx57f1dW/Standard/report/pict/056.png
056102,國立臺灣藝術大學,中國音樂學系撥弦組,無,,篩選級分,(副修+樂理+視唱+聽寫)144.29,未收錄,官方篩選原圖確認，修正網站,副修+樂理+聽寫+視唱144.29,https://www.cac.edu.tw/CacLink/apply115/115Apply_sievE_Result_querY_615JG8Wgh9d/html_sieve_result_115_Zx57f1dW/Standard/report/pict/056.png
056112,國立臺灣藝術大學,中國音樂學系擦弦組（一）–胡琴,無,,篩選級分,(副修+樂理+視唱+聽寫)164.49,未收錄,官方篩選原圖確認，修正網站,副修+樂理+聽寫+視唱164.49,https://www.cac.edu.tw/CacLink/apply115/115Apply_sievE_Result_querY_615JG8Wgh9d/html_sieve_result_115_Zx57f1dW/Standard/report/pict/056.png
056122,國立臺灣藝術大學,中國音樂學系擦弦組（二）–低音擦弦,無,,篩選級分,(副修+樂理+視唱+聽寫)222.74,未收錄,官方篩選原圖確認，修正網站,副修+樂理+聽寫+視唱222.74,https://www.cac.edu.tw/CacLink/apply115/115Apply_sievE_Result_querY_615JG8Wgh9d/html_sieve_result_115_Zx57f1dW/Standard/report/pict/056.png
056132,國立臺灣藝術大學,中國音樂學系擊樂組,無,,篩選級分,(副修+樂理+視唱+聽寫)244.37,未收錄,官方篩選原圖確認，修正網站,副修+樂理+聽寫+視唱244.37,https://www.cac.edu.tw/CacLink/apply115/115Apply_sievE_Result_querY_615JG8Wgh9d/html_sieve_result_115_Zx57f1dW/Standard/report/pict/056.png
056142,國立臺灣藝術大學,美術學系,無,,篩選級分,(素描+彩繪技法+美術鑑賞)239(國文+英文)15,未收錄,官方篩選原圖確認，修正網站,彩繪技法+素描+美術鑑賞239、國文+英文15,https://www.cac.edu.tw/CacLink/apply115/115Apply_sievE_Result_querY_615JG8Wgh9d/html_sieve_result_115_Zx57f1dW/Standard/report/pict/056.png
056152,國立臺灣藝術大學,書畫藝術學系,無,,篩選級分,水墨書畫78,未收錄,官方篩選原圖確認，修正網站,水墨書畫78,https://www.cac.edu.tw/CacLink/apply115/115Apply_sievE_Result_querY_615JG8Wgh9d/html_sieve_result_115_Zx57f1dW/Standard/report/pict/056.png
056162,國立臺灣藝術大學,雕塑學系(男),男,,篩選級分,美術鑑賞40創意表現45素描87,未收錄,官方篩選原圖確認，修正網站,美術鑑賞40、創意表現45、素描87,https://www.cac.edu.tw/CacLink/apply115/115Apply_sievE_Result_querY_615JG8Wgh9d/html_sieve_result_115_Zx57f1dW/Standard/report/pict/056.png
056162,國立臺灣藝術大學,雕塑學系(女),女,,篩選級分,美術鑑賞40創意表現45素描93,未收錄,官方篩選原圖確認，修正網站,美術鑑賞40、創意表現45、素描93,https://www.cac.edu.tw/CacLink/apply115/115Apply_sievE_Result_querY_615JG8Wgh9d/html_sieve_result_115_Zx57f1dW/Standard/report/pict/056.png
056172,國立臺灣藝術大學,古蹟藝術修護學系,無,,篩選級分,(素描+彩繪技法+水墨書畫)198.6,未收錄,官方篩選原圖確認，修正網站,彩繪技法+水墨書畫+素描198.6,https://www.cac.edu.tw/CacLink/apply115/115Apply_sievE_Result_querY_615JG8Wgh9d/html_sieve_result_115_Zx57f1dW/Standard/report/pict/056.png
056182,國立臺灣藝術大學,視覺傳達設計學系,無,,篩選級分,(素描+彩繪技法+創意表現+美術鑑賞)267(國文+英文)21,未收錄,官方篩選原圖確認，修正網站,創意表現+彩繪技法+素描+美術鑑賞267、國文+英文21,https://www.cac.edu.tw/CacLink/apply115/115Apply_sievE_Result_querY_615JG8Wgh9d/html_sieve_result_115_Zx57f1dW/Standard/report/pict/056.png
056192,國立臺灣藝術大學,工藝設計學系,無,,篩選級分,(創意表現+美術鑑賞)87(國文+英文)19素描66,未收錄,官方篩選原圖確認，修正網站,創意表現+美術鑑賞87、國文+英文19、素描66,https://www.cac.edu.tw/CacLink/apply115/115Apply_sievE_Result_querY_615JG8Wgh9d/html_sieve_result_115_Zx57f1dW/Standard/report/pict/056.png
056202,國立臺灣藝術大學,多媒體動畫藝術學系,無,,篩選級分,(素描+創意表現)159(國文+英文)21,未收錄,官方篩選原圖確認，修正網站,創意表現+素描159、國文+英文21,https://www.cac.edu.tw/CacLink/apply115/115Apply_sievE_Result_querY_615JG8Wgh9d/html_sieve_result_115_Zx57f1dW/Standard/report/pict/056.png
058102,國立暨南國際大學,資訊管理學系(資安組),無,,篩選級分,(APCS識讀+APCS實作)5國英17,未收錄,官方篩選原圖確認，修正網站,APCS實作+APCS識讀5、國文+英文17,https://www.cac.edu.tw/CacLink/apply115/115Apply_sievE_Result_querY_615JG8Wgh9d/html_sieve_result_115_Zx57f1dW/Standard/report/pict/058.png
059132,南華大學,管理學院國際企業學士學位學程國際數位行銷組,無,,篩選級分,國英5,國文+英文10,官方篩選原圖確認，修正網站,國文+英文5,https://www.cac.edu.tw/CacLink/apply115/115Apply_sievE_Result_querY_615JG8Wgh9d/html_sieve_result_115_Zx57f1dW/Standard/report/pict/059.png
059392,南華大學,建築學系自然組,無,,篩選級分,國自11,國文+自然8,官方篩選原圖確認，修正網站,國文+自然11,https://www.cac.edu.tw/CacLink/apply115/115Apply_sievE_Result_querY_615JG8Wgh9d/html_sieve_result_115_Zx57f1dW/Standard/report/pict/059.png
063032,國立臺南藝術大學,材質創作與設計系,無,,篩選級分,創意表現66素描66,未收錄,官方篩選原圖確認，修正網站,創意表現66、素描66,https://www.cac.edu.tw/CacLink/apply115/115Apply_sievE_Result_querY_615JG8Wgh9d/html_sieve_result_115_Zx57f1dW/Standard/report/pict/063.png
079062,真理大學,應用日語學系(青年儲蓄帳戶組),無,,篩選級分,空白或--,國文+英文+社會9、國文+英文13,官方篩選原圖確認，修正網站,官方未列分數,https://www.cac.edu.tw/CacLink/apply115/115Apply_sievE_Result_querY_615JG8Wgh9d/html_sieve_result_115_Zx57f1dW/Standard/report/pict/079.png
099202,國立臺北大學,財政學系(飛鳶組),無,,篩選級分,空白或--,國文+英文+數A+社會47,官方篩選原圖確認，修正網站,官方未列分數,https://www.cac.edu.tw/CacLink/apply115/115Apply_sievE_Result_querY_615JG8Wgh9d/html_sieve_result_115_Zx57f1dW/Standard/report/pict/099.png
099372,國立臺北大學,資訊工程學系(APCS組),無,,篩選級分,(英文+數學A)20(APCS識讀+APCS實作)7,英文+數A20,官方篩選原圖確認，修正網站,數A+英文20、APCS實作+APCS識讀7,https://www.cac.edu.tw/CacLink/apply115/115Apply_sievE_Result_querY_615JG8Wgh9d/html_sieve_result_115_Zx57f1dW/Standard/report/pict/099.png
100182,國立嘉義大學,行銷與觀光管理學系(青年儲蓄帳戶組),無,,篩選級分,空白或--,英文+數B19、國文+英文+社會31,官方篩選原圖確認，修正網站,官方未列分數,https://www.cac.edu.tw/CacLink/apply115/115Apply_sievE_Result_querY_615JG8Wgh9d/html_sieve_result_115_Zx57f1dW/Standard/report/pict/100.png
100202,國立嘉義大學,財務金融學系(青年儲蓄帳戶組),無,,篩選級分,空白或--,英文+數B19,官方篩選原圖確認，修正網站,官方未列分數,https://www.cac.edu.tw/CacLink/apply115/115Apply_sievE_Result_querY_615JG8Wgh9d/html_sieve_result_115_Zx57f1dW/Standard/report/pict/100.png
100452,國立嘉義大學,音樂學系(A組),無,鋼琴,篩選級分,主修62.93,未收錄,官方篩選原圖確認，修正網站；音樂依主修分列,主修62.93,https://www.cac.edu.tw/CacLink/apply115/115Apply_sievE_Result_querY_615JG8Wgh9d/html_sieve_result_115_Zx57f1dW/Standard/report/pict/100.png
100452,國立嘉義大學,音樂學系(A組),無,聲樂,篩選級分,主修86.29,未收錄,官方篩選原圖確認，修正網站；音樂依主修分列,主修86.29,https://www.cac.edu.tw/CacLink/apply115/115Apply_sievE_Result_querY_615JG8Wgh9d/html_sieve_result_115_Zx57f1dW/Standard/report/pict/100.png
100452,國立嘉義大學,音樂學系(A組),無,小提琴,篩選級分,主修72.86,未收錄,官方篩選原圖確認，修正網站；音樂依主修分列,主修72.86,https://www.cac.edu.tw/CacLink/apply115/115Apply_sievE_Result_querY_615JG8Wgh9d/html_sieve_result_115_Zx57f1dW/Standard/report/pict/100.png
100452,國立嘉義大學,音樂學系(A組),無,中提琴,篩選級分,主修82.36,未收錄,官方篩選原圖確認，修正網站；音樂依主修分列,主修82.36,https://www.cac.edu.tw/CacLink/apply115/115Apply_sievE_Result_querY_615JG8Wgh9d/html_sieve_result_115_Zx57f1dW/Standard/report/pict/100.png
100452,國立嘉義大學,音樂學系(A組),無,大提琴,篩選級分,主修80.36,未收錄,官方篩選原圖確認，修正網站；音樂依主修分列,主修80.36,https://www.cac.edu.tw/CacLink/apply115/115Apply_sievE_Result_querY_615JG8Wgh9d/html_sieve_result_115_Zx57f1dW/Standard/report/pict/100.png
100452,國立嘉義大學,音樂學系(A組),無,長號,篩選級分,主修76.33,未收錄,官方篩選原圖確認，修正網站；音樂依主修分列,主修76.33,https://www.cac.edu.tw/CacLink/apply115/115Apply_sievE_Result_querY_615JG8Wgh9d/html_sieve_result_115_Zx57f1dW/Standard/report/pict/100.png
100452,國立嘉義大學,音樂學系(A組),無,小號,篩選級分,主修76.22,未收錄,官方篩選原圖確認，修正網站；音樂依主修分列,主修76.22,https://www.cac.edu.tw/CacLink/apply115/115Apply_sievE_Result_querY_615JG8Wgh9d/html_sieve_result_115_Zx57f1dW/Standard/report/pict/100.png
100452,國立嘉義大學,音樂學系(A組),無,法國號,篩選級分,主修79.22,未收錄,官方篩選原圖確認，修正網站；音樂依主修分列,主修79.22,https://www.cac.edu.tw/CacLink/apply115/115Apply_sievE_Result_querY_615JG8Wgh9d/html_sieve_result_115_Zx57f1dW/Standard/report/pict/100.png
100452,國立嘉義大學,音樂學系(A組),無,薩克斯管,篩選級分,主修83.33,未收錄,官方篩選原圖確認，修正網站；音樂依主修分列,主修83.33,https://www.cac.edu.tw/CacLink/apply115/115Apply_sievE_Result_querY_615JG8Wgh9d/html_sieve_result_115_Zx57f1dW/Standard/report/pict/100.png
100452,國立嘉義大學,音樂學系(A組),無,長笛,篩選級分,主修80.44,未收錄,官方篩選原圖確認，修正網站；音樂依主修分列,主修80.44,https://www.cac.edu.tw/CacLink/apply115/115Apply_sievE_Result_querY_615JG8Wgh9d/html_sieve_result_115_Zx57f1dW/Standard/report/pict/100.png
100452,國立嘉義大學,音樂學系(A組),無,單簧管(豎笛),篩選級分,主修78.11,未收錄,官方篩選原圖確認，修正網站；音樂依主修分列,主修78.11,https://www.cac.edu.tw/CacLink/apply115/115Apply_sievE_Result_querY_615JG8Wgh9d/html_sieve_result_115_Zx57f1dW/Standard/report/pict/100.png
100452,國立嘉義大學,音樂學系(A組),無,雙簧管,篩選級分,主修84.56,未收錄,官方篩選原圖確認，修正網站；音樂依主修分列,主修84.56,https://www.cac.edu.tw/CacLink/apply115/115Apply_sievE_Result_querY_615JG8Wgh9d/html_sieve_result_115_Zx57f1dW/Standard/report/pict/100.png
100452,國立嘉義大學,音樂學系(A組),無,擊樂,篩選級分,主修84.6,未收錄,官方篩選原圖確認，修正網站；音樂依主修分列,主修84.6,https://www.cac.edu.tw/CacLink/apply115/115Apply_sievE_Result_querY_615JG8Wgh9d/html_sieve_result_115_Zx57f1dW/Standard/report/pict/100.png
100472,國立嘉義大學,視覺藝術學系,無,,篩選級分,國文9素描39彩繪技法69,國文9,官方篩選原圖確認，修正網站,國文9、素描39、彩繪技法69,https://www.cac.edu.tw/CacLink/apply115/115Apply_sievE_Result_querY_615JG8Wgh9d/html_sieve_result_115_Zx57f1dW/Standard/report/pict/100.png
100332,國立嘉義大學,資訊工程學系(APCS組),無,,篩選級分,英數A12APCS識讀3APCS實作2,英文+數A12,官方篩選原圖確認，修正網站,數A+英文12、APCS識讀3、APCS實作2,https://www.cac.edu.tw/CacLink/apply115/115Apply_sievE_Result_querY_615JG8Wgh9d/html_sieve_result_115_Zx57f1dW/Standard/report/pict/100.png
101072,國立高雄大學,政治法律學系,無,,篩選級分,國英社37(國文+社會)25英文11,國文+英文+社會37、國文+社會25,官方篩選原圖確認，修正網站,國文+社會+英文37、國文+社會25、英文11,https://www.cac.edu.tw/CacLink/apply115/115Apply_sievE_Result_querY_615JG8Wgh9d/html_sieve_result_115_Zx57f1dW/Standard/report/pict/101.png
101202,國立高雄大學,電機工程學系(青年儲蓄帳戶組),無,,篩選級分,空白或--,自然+國文+數A34、國文+數A+自然34,官方篩選原圖確認，修正網站,官方未列分數,https://www.cac.edu.tw/CacLink/apply115/115Apply_sievE_Result_querY_615JG8Wgh9d/html_sieve_result_115_Zx57f1dW/Standard/report/pict/101.png
101262,國立高雄大學,建築學系,無,,篩選級分,國文11英文10數學A8,國文10、英文10、數A8,官方篩選原圖確認，修正網站,國文11、英文10、數A8,https://www.cac.edu.tw/CacLink/apply115/115Apply_sievE_Result_querY_615JG8Wgh9d/html_sieve_result_115_Zx57f1dW/Standard/report/pict/101.png
101272,國立高雄大學,工藝與創意設計學系,無,,篩選級分,(國文+英文+社會)27,未收錄,官方篩選原圖確認，修正網站,國文+社會+英文27,https://www.cac.edu.tw/CacLink/apply115/115Apply_sievE_Result_querY_615JG8Wgh9d/html_sieve_result_115_Zx57f1dW/Standard/report/pict/101.png
109102,臺北醫學大學,醫務管理學系,無,,篩選級分,英文8國文11(數學B+社會)21,英文8、國文1、數B+社會21,官方篩選原圖確認，修正網站,英文8、國文11、數B+社會21,https://www.cac.edu.tw/CacLink/apply115/115Apply_sievE_Result_querY_615JG8Wgh9d/html_sieve_result_115_Zx57f1dW/Standard/report/pict/109.png
110112,開南大學,電影與創意媒體學系,無,,篩選級分,國文7,未收錄,官方篩選原圖確認，修正網站,國文7,https://www.cac.edu.tw/CacLink/apply115/115Apply_sievE_Result_querY_615JG8Wgh9d/html_sieve_result_115_Zx57f1dW/Standard/report/pict/110.png
110192,開南大學,AI科技與創新設計學士學位學程,無,,篩選級分,國文7,未收錄,官方篩選原圖確認，修正網站,國文7,https://www.cac.edu.tw/CacLink/apply115/115Apply_sievE_Result_querY_615JG8Wgh9d/html_sieve_result_115_Zx57f1dW/Standard/report/pict/110.png
151112,國立聯合大學,電子工程學系(A組),無,,篩選級分,國數A自28,未收錄,官方篩選原圖確認，修正網站,國文+數A+自然28,https://www.cac.edu.tw/CacLink/apply115/115Apply_sievE_Result_querY_615JG8Wgh9d/html_sieve_result_115_Zx57f1dW/Standard/report/pict/151.png
151182,國立聯合大學,資訊管理學系(APCS組),無,,篩選級分,(APCS識讀+APCS實作)4國英數B21,國文+英文+數B21,官方篩選原圖確認，修正網站,APCS實作+APCS識讀4、國文+數B+英文21,https://www.cac.edu.tw/CacLink/apply115/115Apply_sievE_Result_querY_615JG8Wgh9d/html_sieve_result_115_Zx57f1dW/Standard/report/pict/151.png
153032,國立金門大學,運動與休閒學系(青年儲蓄帳戶組),無,,篩選級分,空白或--,國文+社會19,官方篩選原圖確認，修正網站,官方未列分數,https://www.cac.edu.tw/CacLink/apply115/115Apply_sievE_Result_querY_615JG8Wgh9d/html_sieve_result_115_Zx57f1dW/Standard/report/pict/153.png
153082,國立金門大學,食品科學系(青年儲蓄帳戶組),無,,篩選級分,空白或--,國文+自然17,官方篩選原圖確認，修正網站,官方未列分數,https://www.cac.edu.tw/CacLink/apply115/115Apply_sievE_Result_querY_615JG8Wgh9d/html_sieve_result_115_Zx57f1dW/Standard/report/pict/153.png
153142,國立金門大學,資訊工程學系(青年儲蓄帳戶組),無,,篩選級分,空白或--,國文+英文15,官方篩選原圖確認，修正網站,官方未列分數,https://www.cac.edu.tw/CacLink/apply115/115Apply_sievE_Result_querY_615JG8Wgh9d/html_sieve_result_115_Zx57f1dW/Standard/report/pict/153.png
060012,國立臺灣體育運動大學,體育學系(一般組),不要求,,校系,無,有,PDF漏臺灣體大校系，保留網站,國文+英文16,https://www.cac.edu.tw/CacLink/apply115/115Apply_sievE_Result_querY_615JG8Wgh9d/html_sieve_result_115_Zx57f1dW/Standard/report/pict/060.png
060022,國立臺灣體育運動大學,體育學系(青年儲蓄帳戶組),不要求,,校系,無,有,PDF漏臺灣體大校系，保留網站,官方未列分數,https://www.cac.edu.tw/apply115/system/ColQry_115xappLyfOrStu_Azd5gP29/html/115_060022.htm?v=1.0
060032,國立臺灣體育運動大學,休閒運動學系,不要求,,校系,無,有,PDF漏臺灣體大校系，保留網站,國文+英文16,https://www.cac.edu.tw/CacLink/apply115/115Apply_sievE_Result_querY_615JG8Wgh9d/html_sieve_result_115_Zx57f1dW/Standard/report/pict/060.png
060042,國立臺灣體育運動大學,運動事業管理學系,不要求,,校系,無,有,PDF漏臺灣體大校系，保留網站,國文+英文16,https://www.cac.edu.tw/CacLink/apply115/115Apply_sievE_Result_querY_615JG8Wgh9d/html_sieve_result_115_Zx57f1dW/Standard/report/pict/060.png
060052,國立臺灣體育運動大學,運動健康科學學系,不要求,,校系,無,有,PDF漏臺灣體大校系，保留網站,國文+自然+英文28,https://www.cac.edu.tw/apply115/system/ColQry_115xappLyfOrStu_Azd5gP29/html/115_060052.htm?v=1.0
060062,國立臺灣體育運動大學,運動資訊與傳播學系,不要求,,校系,無,有,PDF漏臺灣體大校系，保留網站,國文+數B+社會+英文35,https://www.cac.edu.tw/apply115/system/ColQry_115xappLyfOrStu_Azd5gP29/html/115_060062.htm?v=1.0
060072,國立臺灣體育運動大學,體育學系(運動專長組),不要求,,校系,無,有,PDF漏臺灣體大校系，保留網站,官方未列分數,https://www.cac.edu.tw/apply115/system/ColQry_115xappLyfOrStu_Azd5gP29/html/115_060072.htm?v=1.0
115-personal_application-military-001,國防大學,理工學院資訊工程學系,依招生類別及性別名額,,校系,無,有,軍校另有招生管道，PDF範圍未包含,官方未列分數,https://www.rocafa.edu.tw/df_ufiles/a/115學年度軍校正期班甄選入學簡章.pdf
115-personal_application-military-002,國防大學,理工學院化學及材料工程學系,依招生類別及性別名額,,校系,無,有,軍校另有招生管道，PDF範圍未包含,官方未列分數,https://www.rocafa.edu.tw/df_ufiles/a/115學年度軍校正期班甄選入學簡章.pdf
115-personal_application-military-003,國防大學,理工學院環境資訊及工程學系,依招生類別及性別名額,,校系,無,有,軍校另有招生管道，PDF範圍未包含,官方未列分數,https://www.rocafa.edu.tw/df_ufiles/a/115學年度軍校正期班甄選入學簡章.pdf
115-personal_application-military-004,國防大學,理工學院電機電子工程學系,依招生類別及性別名額,,校系,無,有,軍校另有招生管道，PDF範圍未包含,官方未列分數,https://www.rocafa.edu.tw/df_ufiles/a/115學年度軍校正期班甄選入學簡章.pdf
115-personal_application-military-005,國防大學,理工學院動力及系統工程學系,依招生類別及性別名額,,校系,無,有,軍校另有招生管道，PDF範圍未包含,官方未列分數,https://www.rocafa.edu.tw/df_ufiles/a/115學年度軍校正期班甄選入學簡章.pdf
115-personal_application-military-006,國防大學,理工學院機械及航太工程學系,依招生類別及性別名額,,校系,無,有,軍校另有招生管道，PDF範圍未包含,官方未列分數,https://www.rocafa.edu.tw/df_ufiles/a/115學年度軍校正期班甄選入學簡章.pdf
115-personal_application-military-007,國防大學,理工學院資訊工程學系（台船代訓生）,依招生類別及性別名額,,校系,無,有,軍校另有招生管道，PDF範圍未包含,官方未列分數,https://www.rocafa.edu.tw/df_ufiles/a/115學年度軍校正期班甄選入學簡章.pdf
115-personal_application-military-008,國防大學,理工學院電機電子工程學系（台船代訓生）,依招生類別及性別名額,,校系,無,有,軍校另有招生管道，PDF範圍未包含,官方未列分數,https://www.rocafa.edu.tw/df_ufiles/a/115學年度軍校正期班甄選入學簡章.pdf
115-personal_application-military-009,國防大學,理工學院動力及系統工程學系造船及海洋工程組（台船代訓生）,依招生類別及性別名額,,校系,無,有,軍校另有招生管道，PDF範圍未包含,官方未列分數,https://www.rocafa.edu.tw/df_ufiles/a/115學年度軍校正期班甄選入學簡章.pdf
115-personal_application-military-010,國防大學,管理學院法律學系,依招生類別及性別名額,,校系,無,有,軍校另有招生管道，PDF範圍未包含,官方未列分數,https://www.rocafa.edu.tw/df_ufiles/a/115學年度軍校正期班甄選入學簡章.pdf
115-personal_application-military-011,國防大學,管理學院財務管理學系（數B）,依招生類別及性別名額,,校系,無,有,軍校另有招生管道，PDF範圍未包含,官方未列分數,https://www.rocafa.edu.tw/df_ufiles/a/115學年度軍校正期班甄選入學簡章.pdf
115-personal_application-military-012,國防大學,管理學院運籌管理學系（數A）,依招生類別及性別名額,,校系,無,有,軍校另有招生管道，PDF範圍未包含,官方未列分數,https://www.rocafa.edu.tw/df_ufiles/a/115學年度軍校正期班甄選入學簡章.pdf
115-personal_application-military-013,國防大學,管理學院資訊管理學系（數A）,依招生類別及性別名額,,校系,無,有,軍校另有招生管道，PDF範圍未包含,官方未列分數,https://www.rocafa.edu.tw/df_ufiles/a/115學年度軍校正期班甄選入學簡章.pdf
115-personal_application-military-014,國防大學,管理學院運籌管理學系（數B）,依招生類別及性別名額,,校系,無,有,軍校另有招生管道，PDF範圍未包含,官方未列分數,https://www.rocafa.edu.tw/df_ufiles/a/115學年度軍校正期班甄選入學簡章.pdf
115-personal_application-military-015,國防大學,管理學院資訊管理學系（數B）,依招生類別及性別名額,,校系,無,有,軍校另有招生管道，PDF範圍未包含,官方未列分數,https://www.rocafa.edu.tw/df_ufiles/a/115學年度軍校正期班甄選入學簡章.pdf
115-personal_application-military-016,國防大學,政戰學院政治學系國際關係組,依招生類別及性別名額,,校系,無,有,軍校另有招生管道，PDF範圍未包含,官方未列分數,https://www.rocafa.edu.tw/df_ufiles/a/115學年度軍校正期班甄選入學簡章.pdf
115-personal_application-military-017,國防大學,政戰學院政治學系行政管理暨公共安全組,依招生類別及性別名額,,校系,無,有,軍校另有招生管道，PDF範圍未包含,官方未列分數,https://www.rocafa.edu.tw/df_ufiles/a/115學年度軍校正期班甄選入學簡章.pdf
115-personal_application-military-018,國防大學,政戰學院新聞學系,依招生類別及性別名額,,校系,無,有,軍校另有招生管道，PDF範圍未包含,官方未列分數,https://www.rocafa.edu.tw/df_ufiles/a/115學年度軍校正期班甄選入學簡章.pdf
115-personal_application-military-019,國防大學,政戰學院心理及社會工作學系心理組（數A）,依招生類別及性別名額,,校系,無,有,軍校另有招生管道，PDF範圍未包含,官方未列分數,https://www.rocafa.edu.tw/df_ufiles/a/115學年度軍校正期班甄選入學簡章.pdf
115-personal_application-military-020,國防大學,政戰學院心理及社會工作學系心理組（數B）,依招生類別及性別名額,,校系,無,有,軍校另有招生管道，PDF範圍未包含,官方未列分數,https://www.rocafa.edu.tw/df_ufiles/a/115學年度軍校正期班甄選入學簡章.pdf
115-personal_application-military-021,國防大學,政戰學院心理及社會工作學系社工組,依招生類別及性別名額,,校系,無,有,軍校另有招生管道，PDF範圍未包含,官方未列分數,https://www.rocafa.edu.tw/df_ufiles/a/115學年度軍校正期班甄選入學簡章.pdf
115-personal_application-military-022,國防大學,政戰學院應用藝術學系,依招生類別及性別名額,,校系,無,有,軍校另有招生管道，PDF範圍未包含,官方未列分數,https://www.rocafa.edu.tw/df_ufiles/a/115學年度軍校正期班甄選入學簡章.pdf
115-personal_application-military-023,國防醫學大學,醫學院醫學系,依招生類別及性別名額,,校系,無,有,軍校另有招生管道，PDF範圍未包含,官方未列分數,https://www.rocafa.edu.tw/df_ufiles/a/115學年度軍校正期班甄選入學簡章.pdf
115-personal_application-military-024,國防醫學大學,口腔醫學院牙醫學系,依招生類別及性別名額,,校系,無,有,軍校另有招生管道，PDF範圍未包含,官方未列分數,https://www.rocafa.edu.tw/df_ufiles/a/115學年度軍校正期班甄選入學簡章.pdf
115-personal_application-military-025,國防醫學大學,藥學院藥學系,依招生類別及性別名額,,校系,無,有,軍校另有招生管道，PDF範圍未包含,官方未列分數,https://www.rocafa.edu.tw/df_ufiles/a/115學年度軍校正期班甄選入學簡章.pdf
115-personal_application-military-026,國防醫學大學,護理學院護理學系,依招生類別及性別名額,,校系,無,有,軍校另有招生管道，PDF範圍未包含,官方未列分數,https://www.rocafa.edu.tw/df_ufiles/a/115學年度軍校正期班甄選入學簡章.pdf
115-personal_application-military-027,國防醫學大學,公共衛生學院公共衛生學系,依招生類別及性別名額,,校系,無,有,軍校另有招生管道，PDF範圍未包含,官方未列分數,https://www.rocafa.edu.tw/df_ufiles/a/115學年度軍校正期班甄選入學簡章.pdf
